finding_id,ruleId,file,line,message,security_severity,problem_severity,precision,CWE/tags,runtime_scope,trust_boundary,reachability,disposition,evidence,remediation_required,test_evidence,final_status,final_sarif_presence
673bb446cbedb15b,py/incomplete-url-substring-sanitization,enterprise_sso.py,496,The string [auth0.com](1) may be at an arbitrary position in the sanitized URL.,7.8,warning,high,external/cwe/cwe-020,production,internet_facing_api,production,CONTEXTUALLY_SAFE_FALSE_POSITIVE,Substring used for IdP label display only; OIDC redirect uses issuer URL validation elsewhere.,no,tests/test_codeql_*,accepted_fp,still_present_exact_line
9f3449f615cd15e2,py/incomplete-url-substring-sanitization,enterprise_sso.py,496,The string [okta.com](1) may be at an arbitrary position in the sanitized URL.,7.8,warning,high,external/cwe/cwe-020,production,internet_facing_api,production,DUPLICATE_SAME_ROOT_CAUSE,Same sanitization block as auth0.com substring at enterprise_sso.py:496.,no,tests/test_codeql_*,accepted_fp,still_present_exact_line
c0843f01b8d1ce6f,py/incomplete-url-substring-sanitization,tests/test_production_e2e_hardening.py,398,The string [api.binance.com](1) may be at an arbitrary position in the sanitized URL.,7.8,warning,high,external/cwe/cwe-020,test,test_harness,test,TEST_ONLY_NON_PRODUCTION,Test-only URL assertion.,no,tests/test_codeql_*,accepted_test_only,still_present_exact_line
6044a27bd37c1e54,py/stack-trace-exposure,dashboard.py,2123,[Stack trace information](1) flows to this location and may be exposed to an external user.,5.4,error,high,"external/cwe/cwe-209,external/cwe/cwe-497",production,internet_facing_api,production,CONFIRMED_TRUE_POSITIVE,scale_readiness_report nested artifact_error exposed str(exc); remediated to type name.,yes,tests/test_codeql_*,remediated_absent,absent_from_final_sarif
01bb0852fab93130,py/stack-trace-exposure,dashboard.py,2131,[Stack trace information](1) flows to this location and may be exposed to an external user.,5.4,error,high,"external/cwe/cwe-209,external/cwe/cwe-497",production,internet_facing_api,production,DUPLICATE_SAME_ROOT_CAUSE,viral_readiness_report embeds scale_readiness_report; canonical scale_readiness.py.,yes,tests/test_codeql_*,remediated_absent,absent_from_final_sarif
d62099179938e338,py/stack-trace-exposure,dashboard.py,4564,[Stack trace information](1) flows to this location and may be exposed to an external user.,5.4,error,high,"external/cwe/cwe-209,external/cwe/cwe-497",production,internet_facing_api,production,CONFIRMED_TRUE_POSITIVE,build_info returned str(exc); remediated to type(exc).__name__.,yes,tests/test_codeql_*,remediated_absent,absent_from_final_sarif
d44d9be59f815f44,py/stack-trace-exposure,api/routers/monitoring.py,32,"[Stack trace information](1) flows to this location and may be exposed to an external user.
[Stack trace information](2) flows to this location and may be exposed to an external user.",5.4,error,high,"external/cwe/cwe-209,external/cwe/cwe-497",production,internet_facing_api,production,CONFIRMED_TRUE_POSITIVE,vendor_rate_limit_status returned str(exc); remediated in ops/vendor_rate_limit_watchdog.py.,yes,tests/test_codeql_*,remediated_absent,absent_from_final_sarif
a94e3ab8da132339,py/clear-text-logging-sensitive-data,billing/audit_ledger.py,71,"This expression logs [sensitive data (private)](1) as clear text.
This expression logs [sensitive data (private)](2) as clear text.
This expression logs [sensitive data (private)](3) as clear text.
This expression logs [sensitive data (private)](4) as clear text.
This expression logs [sensitive data (private)](5) as clear text.",7.5,error,high,"external/cwe/cwe-312,external/cwe/cwe-359,external/cwe/cwe-532",production,internet_facing_api,production,CONFIRMED_TRUE_POSITIVE,PII email logged cleartext; remediated via sanitize_log_value at sink (CodeQL may still trace taint).,yes,tests/test_codeql_*,remediated_still_flagged,still_present_near_line_73
be92e0f7ec5fc851,py/clear-text-logging-sensitive-data,scripts/pre_launch_gate_assessor.py,22,This expression logs [sensitive data (secret)](1) as clear text.,7.5,error,high,"external/cwe/cwe-312,external/cwe/cwe-359,external/cwe/cwe-532",operator_cli,operator_local,operator_cli,TEST_ONLY_NON_PRODUCTION,"CLI gate assessor; stdout is operator-only, not production API path.",no,tests/test_codeql_*,accepted_test_only,still_present_exact_line
ea862db0d1a0fafa,py/clear-text-logging-sensitive-data,scripts/setup_billing_production.py,53,This expression logs [sensitive data (private)](1) as clear text.,7.5,error,high,"external/cwe/cwe-312,external/cwe/cwe-359,external/cwe/cwe-532",operator_cli,operator_local,operator_cli,CONTEXTUALLY_SAFE_FALSE_POSITIVE,Prints SKU display names/prices only; env secrets reduced to [SET]/[MISSING] booleans.,no,tests/test_codeql_*,accepted_fp,still_present_exact_line
95858e4a7a99b9aa,py/clear-text-logging-sensitive-data,scripts/setup_billing_production.py,58,This expression logs [sensitive data (private)](1) as clear text.,7.5,error,high,"external/cwe/cwe-312,external/cwe/cwe-359,external/cwe/cwe-532",operator_cli,operator_local,operator_cli,CONTEXTUALLY_SAFE_FALSE_POSITIVE,"Webhook URLs are public endpoints, not credentials.",no,tests/test_codeql_*,accepted_fp,still_present_exact_line
749883d384f1c084,py/clear-text-logging-sensitive-data,scripts/setup_billing_production.py,62,This expression logs [sensitive data (private)](1) as clear text.,7.5,error,high,"external/cwe/cwe-312,external/cwe/cwe-359,external/cwe/cwe-532",operator_cli,operator_local,operator_cli,CONTEXTUALLY_SAFE_FALSE_POSITIVE,Env checklist prints boolean presence only via _set().,no,tests/test_codeql_*,accepted_fp,still_present_exact_line
cd3fbdafed8589fa,py/clear-text-logging-sensitive-data,scripts/setup_billing_production.py,83,"This expression logs [sensitive data (private)](1) as clear text.
This expression logs [sensitive data (private)](1) as clear text.",7.5,error,high,"external/cwe/cwe-312,external/cwe/cwe-359,external/cwe/cwe-532",operator_cli,operator_local,operator_cli,CONTEXTUALLY_SAFE_FALSE_POSITIVE,Static next-step strings; no secret values.,no,tests/test_codeql_*,accepted_fp,still_present_exact_line
4314732014ab7811,py/clear-text-logging-sensitive-data,scripts/setup_billing_production.py,79,"This expression logs [sensitive data (private)](1) as clear text.
This expression logs [sensitive data (private)](1) as clear text.",7.5,error,high,"external/cwe/cwe-312,external/cwe/cwe-359,external/cwe/cwe-532",operator_cli,operator_local,operator_cli,CONTEXTUALLY_SAFE_FALSE_POSITIVE,launch_ready boolean only.,no,tests/test_codeql_*,accepted_fp,still_present_exact_line
61808efe4526c4be,py/clear-text-logging-sensitive-data,scripts/setup_payments_usd.py,24,This expression logs [sensitive data (private)](1) as clear text.,7.5,error,high,"external/cwe/cwe-312,external/cwe/cwe-359,external/cwe/cwe-532",operator_cli,operator_local,operator_cli,CONTEXTUALLY_SAFE_FALSE_POSITIVE,SKU pricing display only.,no,tests/test_codeql_*,accepted_fp,still_present_exact_line
338a26cbd4b989a2,py/clear-text-logging-sensitive-data,scripts/setup_payments_usd.py,28,This expression logs [sensitive data (private)](1) as clear text.,7.5,error,high,"external/cwe/cwe-312,external/cwe/cwe-359,external/cwe/cwe-532",operator_cli,operator_local,operator_cli,CONTEXTUALLY_SAFE_FALSE_POSITIVE,Boolean env checklist.,no,tests/test_codeql_*,accepted_fp,still_present_exact_line
16511448b400b87f,py/clear-text-logging-sensitive-data,scripts/setup_payments_usd.py,31,This expression logs [sensitive data (private)](1) as clear text.,7.5,error,high,"external/cwe/cwe-312,external/cwe/cwe-359,external/cwe/cwe-532",operator_cli,operator_local,operator_cli,CONTEXTUALLY_SAFE_FALSE_POSITIVE,Public webhook URLs.,no,tests/test_codeql_*,accepted_fp,still_present_exact_line
b5f8503f7a65057f,py/clear-text-logging-sensitive-data,scripts/setup_payments_usd.py,32,This expression logs [sensitive data (private)](1) as clear text.,7.5,error,high,"external/cwe/cwe-312,external/cwe/cwe-359,external/cwe/cwe-532",operator_cli,operator_local,operator_cli,CONTEXTUALLY_SAFE_FALSE_POSITIVE,Public webhook URLs.,no,tests/test_codeql_*,accepted_fp,still_present_exact_line
ad541524a242d9fb,py/clear-text-logging-sensitive-data,scripts/setup_payments_usd.py,34,This expression logs [sensitive data (private)](1) as clear text.,7.5,error,high,"external/cwe/cwe-312,external/cwe/cwe-359,external/cwe/cwe-532",operator_cli,operator_local,operator_cli,CONTEXTUALLY_SAFE_FALSE_POSITIVE,launch_ready boolean.,no,tests/test_codeql_*,accepted_fp,still_present_exact_line
6fa206d8bdad40e5,py/clear-text-logging-sensitive-data,scripts/setup_stripe_production.py,55,This expression logs [sensitive data (private)](1) as clear text.,7.5,error,high,"external/cwe/cwe-312,external/cwe/cwe-359,external/cwe/cwe-532",operator_cli,operator_local,operator_cli,CONTEXTUALLY_SAFE_FALSE_POSITIVE,SKU display prices; secret never interpolated (see test_codeql_secret_logging_closure).,no,tests/test_codeql_*,accepted_fp,still_present_exact_line
6cba1d5c8e8afcde,py/clear-text-logging-sensitive-data,scripts/setup_stripe_production.py,60,This expression logs [sensitive data (private)](1) as clear text.,7.5,error,high,"external/cwe/cwe-312,external/cwe/cwe-359,external/cwe/cwe-532",operator_cli,operator_local,operator_cli,CONTEXTUALLY_SAFE_FALSE_POSITIVE,Boolean env checklist.,no,tests/test_codeql_*,accepted_fp,still_present_exact_line
d3eec192d14d7ab6,py/clear-text-logging-sensitive-data,scripts/setup_stripe_production.py,101,This expression logs [sensitive data (private)](1) as clear text.,7.5,error,high,"external/cwe/cwe-312,external/cwe/cwe-359,external/cwe/cwe-532",operator_cli,operator_local,operator_cli,CONTEXTUALLY_SAFE_FALSE_POSITIVE,launch_ready boolean.,no,tests/test_codeql_*,accepted_fp,still_present_exact_line
f180c8a98b3b6791,py/clear-text-logging-sensitive-data,billing/sweeper.py,45,This expression logs [sensitive data (private)](1) as clear text.,7.5,error,high,"external/cwe/cwe-312,external/cwe/cwe-359,external/cwe/cwe-532",production,internet_facing_api,production,CONTEXTUALLY_SAFE_FALSE_POSITIVE,Stats dict contains only expired/downgraded integer counts; no secret material.,no,tests/test_codeql_*,accepted_fp,still_present_exact_line
e4f9fe5217994dfa,py/clear-text-logging-sensitive-data,scripts/verify_institutional_owner_secret.py,93,"This expression logs [sensitive data (secret)](1) as clear text.
This expression logs [sensitive data (secret)](2) as clear text.
This expression logs [sensitive data (secret)](3) as clear text.
This expression logs [sensitive data (secret)](4) as clear text.",7.5,error,high,"external/cwe/cwe-312,external/cwe/cwe-359,external/cwe/cwe-532",operator_cli,operator_local,operator_cli,CONTEXTUALLY_SAFE_FALSE_POSITIVE,Stdout carries sha256 prefixes only; raw secret never emitted.,no,tests/test_codeql_*,accepted_fp,still_present_exact_line
b18b1cc874ffbb0d,py/clear-text-storage-sensitive-data,institutional_commerce.py,48,This expression stores [sensitive data (private)](1) as clear text.,7.5,error,high,"external/cwe/cwe-312,external/cwe/cwe-315,external/cwe/cwe-359",production,internet_facing_api,production,CONTEXTUALLY_SAFE_FALSE_POSITIVE,Intentional JSONL commerce ledger under path-guarded data/; operational records not API secrets.,no,tests/test_codeql_*,accepted_fp,still_present_exact_line
a816f156b8690c12,py/clear-text-storage-sensitive-data,scripts/institutional_readiness_matrix.py,216,This expression stores [sensitive data (secret)](1) as clear text.,7.5,error,high,"external/cwe/cwe-312,external/cwe/cwe-315,external/cwe/cwe-359",operator_cli,operator_local,operator_cli,TEST_ONLY_NON_PRODUCTION,Operator script writes readiness matrix artifact.,no,tests/test_codeql_*,accepted_test_only,still_present_exact_line
b1020d7f7128e6b1,py/clear-text-storage-sensitive-data,scripts/pre_launch_gate_assessor.py,21,This expression stores [sensitive data (secret)](1) as clear text.,7.5,error,high,"external/cwe/cwe-312,external/cwe/cwe-315,external/cwe/cwe-359",operator_cli,operator_local,operator_cli,TEST_ONLY_NON_PRODUCTION,Writes gate assessment JSON for operators; not runtime secret store.,no,tests/test_codeql_*,accepted_test_only,still_present_exact_line
a48c86aed7b9cd9b,py/weak-sensitive-data-hashing,audit_registry.py,42,"[Sensitive data (password)](1) is used in a hashing algorithm (SHA256) that is insecure for password hashing, since it is not a computationally expensive hash function.
[Sensitive data (password)](2) is used in a hashing algorithm (SHA256) that is insecure for password hashing, since it is not a computationally expensive hash function.",7.5,warning,high,"external/cwe/cwe-327,external/cwe/cwe-328,external/cwe/cwe-916",production,internet_facing_api,production,CONTEXTUALLY_SAFE_FALSE_POSITIVE,SHA-256 content-integrity checksum for audit payloads; not credential hashing (CWE-328 N/A).,no,tests/test_codeql_*,accepted_fp,still_present_exact_line
7c690b164c24a473,py/log-injection,bd_platform/address_intelligence.py,65,"This log entry depends on a [user-provided value](1).
This log entry depends on a [user-provided value](2).
This log entry depends on a [user-provided value](3).
This log entry depends on a [user-provided value](4).
This log entry depends on a [user-provided value](5).
This log entry depends on a [user-provided value](6).",6.1,error,medium,external/cwe/cwe-117,production,internet_facing_api,production,CONFIRMED_TRUE_POSITIVE,Snapshot key logged; remediated via sanitize_log_value.,yes,tests/test_codeql_*,remediated_still_flagged,still_present_near_line_67
36638c6c03b705d0,py/log-injection,billing/audit_ledger.py,71,"This log entry depends on a [user-provided value](1).
This log entry depends on a [user-provided value](2).
This log entry depends on a [user-provided value](3).",6.1,error,medium,external/cwe/cwe-117,production,internet_facing_api,production,CONFIRMED_TRUE_POSITIVE,User email interpolated into log line; remediated via sanitize_log_value CRLF scrub.,yes,tests/test_codeql_*,remediated_still_flagged,still_present_near_line_73
af31fa0d9cef77d6,py/log-injection,billing/audit_ledger.py,73,"This log entry depends on a [user-provided value](1).
This log entry depends on a [user-provided value](2).
This log entry depends on a [user-provided value](3).
This log entry depends on a [user-provided value](4).",6.1,error,medium,external/cwe/cwe-117,production,internet_facing_api,production,DUPLICATE_SAME_ROOT_CAUSE,Same logger.info sink as line 71; canonical billing/audit_ledger.py:71.,yes,tests/test_codeql_*,remediated_still_flagged,still_present_exact_line
67ab3d849bb6bc73,py/log-injection,audit_registry.py,302,This log entry depends on a [user-provided value](1).,6.1,error,medium,external/cwe/cwe-117,production,internet_facing_api,production,CONFIRMED_TRUE_POSITIVE,decision_id in exception log; remediated via sanitize_log_value.,yes,tests/test_codeql_*,remediated_still_flagged,still_present_near_line_295
421fa8ea56da9ad8,py/log-injection,audit_registry.py,376,This log entry depends on a [user-provided value](1).,6.1,error,medium,external/cwe/cwe-117,production,internet_facing_api,production,CONFIRMED_TRUE_POSITIVE,User-supplied decision_id in exception log; remediated via sanitize_log_value.,yes,tests/test_codeql_*,remediated_still_flagged,still_present_near_line_371
424745844456f5c6,py/log-injection,api/routers/didit_webhook.py,47,This log entry depends on a [user-provided value](1).,6.1,error,medium,external/cwe/cwe-117,production,internet_facing_api,production,CONFIRMED_TRUE_POSITIVE,Webhook event_id attacker-controlled; remediated via sanitize_log_value.,yes,tests/test_codeql_*,remediated_still_flagged,still_present_near_line_51
343e00e38bf2bbc3,py/log-injection,ml/market_replay_bootstrap.py,186,"This log entry depends on a [user-provided value](1).
This log entry depends on a [user-provided value](2).",6.1,error,medium,external/cwe/cwe-117,production,internet_facing_api,production,CONFIRMED_TRUE_POSITIVE,asset interpolated in log; remediated via sanitize_asset.,yes,tests/test_codeql_*,remediated_still_flagged,still_present_near_line_188
60eacfd0f84a662d,py/log-injection,runtime_verification.py,39,This log entry depends on a [user-provided value](1).,6.1,error,medium,external/cwe/cwe-117,production,internet_facing_api,production,CONTEXTUALLY_SAFE_FALSE_POSITIVE,phase is int enum 1-8; not attacker-controlled string; logger.exception fixed detail leak separately.,no,tests/test_codeql_*,accepted_fp,still_present_exact_line
e70444eea180c8d5,py/log-injection,signal_compounding.py,110,This log entry depends on a [user-provided value](1).,6.1,error,medium,external/cwe/cwe-117,production,internet_facing_api,production,CONFIRMED_TRUE_POSITIVE,signal id logged; remediated via sanitize_log_value.,yes,tests/test_codeql_*,remediated_still_flagged,still_present_near_line_112
13cb393ab63a0af4,py/partial-ssrf,blackdark/ingestion/arkham_connector.py,73,"Part of the URL of this request depends on a [user-provided value](1).
Part of the URL of this request depends on a [user-provided value](2).",9.1,error,medium,external/cwe/cwe-918,production,internet_facing_api,production,CONFIRMED_TRUE_POSITIVE,address segment joined into URL path without validation; remediated _safe_address_segment.,yes,tests/test_codeql_*,remediated_absent,absent_from_final_sarif
bdf21ea99c34f10a,py/empty-except,scripts/_secret_io.py,31,'except' clause does nothing but pass and there is no explanatory comment.,,recommendation,high,external/cwe/cwe-390,operator_cli,operator_local,operator_cli,QUALITY_TECHNICAL_DEBT,Broad empty except; no demonstrated production failure or security fail-open.,no,n/a,accepted_debt,still_present_exact_line
bf3d7f3270ac6636,py/empty-except,scripts/_secret_io.py,37,'except' clause does nothing but pass and there is no explanatory comment.,,recommendation,high,external/cwe/cwe-390,operator_cli,operator_local,operator_cli,QUALITY_TECHNICAL_DEBT,Broad empty except; no demonstrated production failure or security fail-open.,no,n/a,accepted_debt,still_present_exact_line
9c5ad3a7addf56e7,py/empty-except,acquirer_evidence_pack.py,171,'except' clause does nothing but pass and there is no explanatory comment.,,recommendation,high,external/cwe/cwe-390,production,internet_facing_api,production,QUALITY_TECHNICAL_DEBT,Broad empty except; no demonstrated production failure or security fail-open.,no,n/a,accepted_debt,still_present_exact_line
4224996750cc01df,py/empty-except,scripts/activate_100_exchanges.py,25,'except' clause does nothing but pass and there is no explanatory comment.,,recommendation,high,external/cwe/cwe-390,operator_cli,operator_local,operator_cli,QUALITY_TECHNICAL_DEBT,Broad empty except; no demonstrated production failure or security fail-open.,no,n/a,accepted_debt,still_present_exact_line
763e9ce06a37dbfb,py/empty-except,scripts/activate_cex_dex.py,25,'except' clause does nothing but pass and there is no explanatory comment.,,recommendation,high,external/cwe/cwe-390,operator_cli,operator_local,operator_cli,QUALITY_TECHNICAL_DEBT,Broad empty except; no demonstrated production failure or security fail-open.,no,n/a,accepted_debt,still_present_exact_line
5aa9869cdc5b52d1,py/empty-except,scripts/activate_live_execution.py,25,'except' clause does nothing but pass and there is no explanatory comment.,,recommendation,high,external/cwe/cwe-390,operator_cli,operator_local,operator_cli,QUALITY_TECHNICAL_DEBT,Empty except in sensitive path reviewed; intentional swallow with outer fail-closed or non-critical auxiliary path.,no,n/a,accepted_debt,still_present_exact_line
5a07cb527c158c61,py/empty-except,governance/adaptive_ux_governance.py,24,'except' clause does nothing but pass and there is no explanatory comment.,,recommendation,high,external/cwe/cwe-390,production,internet_facing_api,production,QUALITY_TECHNICAL_DEBT,Empty except in sensitive path reviewed; intentional swallow with outer fail-closed or non-critical auxiliary path.,no,n/a,accepted_debt,still_present_exact_line
ceb59a1230391f7e,py/empty-except,governance/adaptive_ux_governance.py,30,'except' clause does nothing but pass and there is no explanatory comment.,,recommendation,high,external/cwe/cwe-390,production,internet_facing_api,production,QUALITY_TECHNICAL_DEBT,Empty except in sensitive path reviewed; intentional swallow with outer fail-closed or non-critical auxiliary path.,no,n/a,accepted_debt,still_present_exact_line
6a982aa25bb981d2,py/empty-except,bd_platform/advanced_ta_risk_layer.py,682,'except' clause does nothing but pass and there is no explanatory comment.,,recommendation,high,external/cwe/cwe-390,production,internet_facing_api,production,QUALITY_TECHNICAL_DEBT,Broad empty except; no demonstrated production failure or security fail-open.,no,n/a,accepted_debt,still_present_exact_line
adbb8a34df0fe50c,py/empty-except,aggregator.py,964,'except' clause does nothing but pass and there is no explanatory comment.,,recommendation,high,external/cwe/cwe-390,production,internet_facing_api,production,QUALITY_TECHNICAL_DEBT,Broad empty except; no demonstrated production failure or security fail-open.,no,n/a,accepted_debt,still_present_exact_line
74ee9371c65ede8b,py/empty-except,ai_oracle.py,436,'except' clause does nothing but pass and there is no explanatory comment.,,recommendation,high,external/cwe/cwe-390,production,internet_facing_api,production,QUALITY_TECHNICAL_DEBT,Broad empty except; no demonstrated production failure or security fail-open.,no,n/a,accepted_debt,still_present_exact_line
fc489740ad6483ea,py/empty-except,ai_oracle.py,813,'except' clause does nothing but pass and there is no explanatory comment.,,recommendation,high,external/cwe/cwe-390,production,internet_facing_api,production,QUALITY_TECHNICAL_DEBT,Broad empty except; no demonstrated production failure or security fail-open.,no,n/a,accepted_debt,still_present_exact_line
fd6428571f797037,py/empty-except,ai_oracle.py,980,'except' clause does nothing but pass and there is no explanatory comment.,,recommendation,high,external/cwe/cwe-390,production,internet_facing_api,production,QUALITY_TECHNICAL_DEBT,Broad empty except; no demonstrated production failure or security fail-open.,no,n/a,accepted_debt,still_present_exact_line
d35e28a41dba69a8,py/empty-except,governance/anonymous_visitor_governance.py,26,'except' clause does nothing but pass and there is no explanatory comment.,,recommendation,high,external/cwe/cwe-390,production,internet_facing_api,production,QUALITY_TECHNICAL_DEBT,Empty except in sensitive path reviewed; intentional swallow with outer fail-closed or non-critical auxiliary path.,no,n/a,accepted_debt,still_present_exact_line
68092aba8bb64242,py/empty-except,api/routers/arbitrage.py,116,'except' clause does nothing but pass and there is no explanatory comment.,,recommendation,high,external/cwe/cwe-390,production,internet_facing_api,production,QUALITY_TECHNICAL_DEBT,Empty except in sensitive path reviewed; intentional swallow with outer fail-closed or non-critical auxiliary path.,no,n/a,accepted_debt,still_present_exact_line
634e5a6b84888e64,py/empty-except,bd_platform/arbitrage_portfolio_ux_layer.py,182,'except' clause does nothing but pass and there is no explanatory comment.,,recommendation,high,external/cwe/cwe-390,production,internet_facing_api,production,QUALITY_TECHNICAL_DEBT,Broad empty except; no demonstrated production failure or security fail-open.,no,n/a,accepted_debt,still_present_exact_line
e03178009162358f,py/empty-except,bd_platform/arbitrage_portfolio_ux_layer.py,189,'except' clause does nothing but pass and there is no explanatory comment.,,recommendation,high,external/cwe/cwe-390,production,internet_facing_api,production,QUALITY_TECHNICAL_DEBT,Broad empty except; no demonstrated production failure or security fail-open.,no,n/a,accepted_debt,still_present_exact_line
d0ec0b6d81b8128c,py/empty-except,bd_platform/arbitrage_portfolio_ux_layer.py,576,'except' clause does nothing but pass and there is no explanatory comment.,,recommendation,high,external/cwe/cwe-390,production,internet_facing_api,production,QUALITY_TECHNICAL_DEBT,Broad empty except; no demonstrated production failure or security fail-open.,no,n/a,accepted_debt,still_present_exact_line
087c35312bca7782,py/empty-except,bd_platform/arbitrage_portfolio_ux_layer.py,630,'except' clause does nothing but pass and there is no explanatory comment.,,recommendation,high,external/cwe/cwe-390,production,internet_facing_api,production,QUALITY_TECHNICAL_DEBT,Broad empty except; no demonstrated production failure or security fail-open.,no,n/a,accepted_debt,still_present_exact_line
bd76ed4b6f6fee10,py/empty-except,bd_platform/arbitrage_portfolio_ux_layer.py,641,'except' clause does nothing but pass and there is no explanatory comment.,,recommendation,high,external/cwe/cwe-390,production,internet_facing_api,production,QUALITY_TECHNICAL_DEBT,Broad empty except; no demonstrated production failure or security fail-open.,no,n/a,accepted_debt,still_present_exact_line
93e63631b2076acd,py/empty-except,governance/assessor.py,123,'except' clause does nothing but pass and there is no explanatory comment.,,recommendation,high,external/cwe/cwe-390,production,internet_facing_api,production,QUALITY_TECHNICAL_DEBT,Empty except in sensitive path reviewed; intentional swallow with outer fail-closed or non-critical auxiliary path.,no,n/a,accepted_debt,still_present_exact_line
b08384c895d00c90,py/empty-except,api/routers/auth.py,247,'except' clause does nothing but pass and there is no explanatory comment.,,recommendation,high,external/cwe/cwe-390,production,internet_facing_api,production,QUALITY_TECHNICAL_DEBT,Empty except in sensitive path reviewed; intentional swallow with outer fail-closed or non-critical auxiliary path.,no,n/a,accepted_debt,still_present_exact_line
cd4d26d529670a70,py/empty-except,api/routers/auth.py,514,'except' clause does nothing but pass and there is no explanatory comment.,,recommendation,high,external/cwe/cwe-390,production,internet_facing_api,production,QUALITY_TECHNICAL_DEBT,Empty except in sensitive path reviewed; intentional swallow with outer fail-closed or non-critical auxiliary path.,no,n/a,accepted_debt,still_present_exact_line
64a66ce5526d54db,py/empty-except,auth_service.py,336,'except' clause does nothing but pass and there is no explanatory comment.,,recommendation,high,external/cwe/cwe-390,production,internet_facing_api,production,QUALITY_TECHNICAL_DEBT,Empty except in sensitive path reviewed; intentional swallow with outer fail-closed or non-critical auxiliary path.,no,n/a,accepted_debt,still_present_exact_line
10bab46ff12b43b7,py/empty-except,auth_service.py,468,'except' clause does nothing but pass and there is no explanatory comment.,,recommendation,high,external/cwe/cwe-390,production,internet_facing_api,production,QUALITY_TECHNICAL_DEBT,Empty except in sensitive path reviewed; intentional swallow with outer fail-closed or non-critical auxiliary path.,no,n/a,accepted_debt,still_present_exact_line
ffd6d106398c6bb5,py/empty-except,scripts/auto_connect_keys.py,27,'except' clause does nothing but pass and there is no explanatory comment.,,recommendation,high,external/cwe/cwe-390,operator_cli,operator_local,operator_cli,QUALITY_TECHNICAL_DEBT,Broad empty except; no demonstrated production failure or security fail-open.,no,n/a,accepted_debt,still_present_exact_line
16ce26a88fc009d6,py/empty-except,b2b_websocket_hub.py,78,'except' clause does nothing but pass and there is no explanatory comment.,,recommendation,high,external/cwe/cwe-390,production,internet_facing_api,production,QUALITY_TECHNICAL_DEBT,Broad empty except; no demonstrated production failure or security fail-open.,no,n/a,accepted_debt,still_present_exact_line
5d93edf93851bd1d,py/empty-except,b2b_websocket_hub.py,109,'except' clause does nothing but pass and there is no explanatory comment.,,recommendation,high,external/cwe/cwe-390,production,internet_facing_api,production,QUALITY_TECHNICAL_DEBT,Broad empty except; no demonstrated production failure or security fail-open.,no,n/a,accepted_debt,still_present_exact_line
2ebeeac6836571f5,py/empty-except,cap646/batch_spine.py,23,'except' clause does nothing but pass and there is no explanatory comment.,,recommendation,high,external/cwe/cwe-390,production,internet_facing_api,production,QUALITY_TECHNICAL_DEBT,Broad empty except; no demonstrated production failure or security fail-open.,no,n/a,accepted_debt,still_present_exact_line
6b703dd4a7c250e6,py/empty-except,bigquery_export.py,103,'except' clause does nothing but pass and there is no explanatory comment.,,recommendation,high,external/cwe/cwe-390,production,internet_facing_api,production,QUALITY_TECHNICAL_DEBT,Broad empty except; no demonstrated production failure or security fail-open.,no,n/a,accepted_debt,still_present_exact_line
a1fcc15898e95342,py/empty-except,api/routers/billing.py,224,'except' clause does nothing but pass and there is no explanatory comment.,,recommendation,high,external/cwe/cwe-390,production,internet_facing_api,production,QUALITY_TECHNICAL_DEBT,Empty except in sensitive path reviewed; intentional swallow with outer fail-closed or non-critical auxiliary path.,no,n/a,accepted_debt,still_present_exact_line
b1d715978c69aad1,py/empty-except,governance/billing_governance.py,23,'except' clause does nothing but pass and there is no explanatory comment.,,recommendation,high,external/cwe/cwe-390,production,internet_facing_api,production,QUALITY_TECHNICAL_DEBT,Empty except in sensitive path reviewed; intentional swallow with outer fail-closed or non-critical auxiliary path.,no,n/a,accepted_debt,still_present_exact_line
834c628d9dbb23af,py/empty-except,bd_platform/cex_dex_arbitrage.py,43,'except' clause does nothing but pass and there is no explanatory comment.,,recommendation,high,external/cwe/cwe-390,production,internet_facing_api,production,QUALITY_TECHNICAL_DEBT,Broad empty except; no demonstrated production failure or security fail-open.,no,n/a,accepted_debt,still_present_exact_line
666e53b46f730f18,py/empty-except,bd_platform/cex_dex_arbitrage.py,53,'except' clause does nothing but pass and there is no explanatory comment.,,recommendation,high,external/cwe/cwe-390,production,internet_facing_api,production,QUALITY_TECHNICAL_DEBT,Broad empty except; no demonstrated production failure or security fail-open.,no,n/a,accepted_debt,still_present_exact_line
58b09fad35d09f51,py/empty-except,bd_platform/cex_dex_arbitrage.py,139,'except' clause does nothing but pass and there is no explanatory comment.,,recommendation,high,external/cwe/cwe-390,production,internet_facing_api,production,QUALITY_TECHNICAL_DEBT,Broad empty except; no demonstrated production failure or security fail-open.,no,n/a,accepted_debt,still_present_exact_line
ed8908a36c99bb94,py/empty-except,config.py,186,'except' clause does nothing but pass and there is no explanatory comment.,,recommendation,high,external/cwe/cwe-390,production,internet_facing_api,production,QUALITY_TECHNICAL_DEBT,Broad empty except; no demonstrated production failure or security fail-open.,no,n/a,accepted_debt,still_present_exact_line
f4761f2a9abef00b,py/empty-except,config.py,521,'except' clause does nothing but pass and there is no explanatory comment.,,recommendation,high,external/cwe/cwe-390,production,internet_facing_api,production,QUALITY_TECHNICAL_DEBT,Broad empty except; no demonstrated production failure or security fail-open.,no,n/a,accepted_debt,still_present_exact_line
deeacd9392a96c5c,py/empty-except,tests/conftest.py,74,'except' clause does nothing but pass and there is no explanatory comment.,,recommendation,high,external/cwe/cwe-390,test,test_harness,test,QUALITY_TECHNICAL_DEBT,Broad empty except; no demonstrated production failure or security fail-open.,no,n/a,accepted_debt,still_present_exact_line
ff68534457a10d57,py/empty-except,scripts/connect_platform_keys.py,79,'except' clause does nothing but pass and there is no explanatory comment.,,recommendation,high,external/cwe/cwe-390,operator_cli,operator_local,operator_cli,QUALITY_TECHNICAL_DEBT,Broad empty except; no demonstrated production failure or security fail-open.,no,n/a,accepted_debt,still_present_exact_line
0a2a2605ec930aa5,py/empty-except,contradiction_replay.py,103,'except' clause does nothing but pass and there is no explanatory comment.,,recommendation,high,external/cwe/cwe-390,production,internet_facing_api,production,QUALITY_TECHNICAL_DEBT,Broad empty except; no demonstrated production failure or security fail-open.,no,n/a,accepted_debt,still_present_exact_line
c4305b7b9dbcd510,py/empty-except,contradiction_replay.py,109,'except' clause does nothing but pass and there is no explanatory comment.,,recommendation,high,external/cwe/cwe-390,production,internet_facing_api,production,QUALITY_TECHNICAL_DEBT,Broad empty except; no demonstrated production failure or security fail-open.,no,n/a,accepted_debt,still_present_exact_line
48cb85d4da44d344,py/empty-except,bd_platform/coverage_report.py,31,'except' clause does nothing but pass and there is no explanatory comment.,,recommendation,high,external/cwe/cwe-390,production,internet_facing_api,production,QUALITY_TECHNICAL_DEBT,Broad empty except; no demonstrated production failure or security fail-open.,no,n/a,accepted_debt,still_present_exact_line
89ed9c73d6aa1877,py/empty-except,dashboard.py,232,'except' clause does nothing but pass and there is no explanatory comment.,,recommendation,high,external/cwe/cwe-390,production,internet_facing_api,production,QUALITY_TECHNICAL_DEBT,Broad empty except; no demonstrated production failure or security fail-open.,no,n/a,accepted_debt,still_present_exact_line
137a86d7241cdfb8,py/empty-except,dashboard.py,609,'except' clause does nothing but pass and there is no explanatory comment.,,recommendation,high,external/cwe/cwe-390,production,internet_facing_api,production,QUALITY_TECHNICAL_DEBT,Broad empty except; no demonstrated production failure or security fail-open.,no,n/a,accepted_debt,still_present_exact_line
732d07f9dcbc291e,py/empty-except,dashboard.py,616,'except' clause does nothing but pass and there is no explanatory comment.,,recommendation,high,external/cwe/cwe-390,production,internet_facing_api,production,QUALITY_TECHNICAL_DEBT,Broad empty except; no demonstrated production failure or security fail-open.,no,n/a,accepted_debt,still_present_exact_line
b8fae9f6720bcaa2,py/empty-except,dashboard.py,719,'except' clause does nothing but pass and there is no explanatory comment.,,recommendation,high,external/cwe/cwe-390,production,internet_facing_api,production,QUALITY_TECHNICAL_DEBT,Broad empty except; no demonstrated production failure or security fail-open.,no,n/a,accepted_debt,still_present_exact_line
06b4e10f14c7a4c0,py/empty-except,dashboard.py,726,'except' clause does nothing but pass and there is no explanatory comment.,,recommendation,high,external/cwe/cwe-390,production,internet_facing_api,production,QUALITY_TECHNICAL_DEBT,Broad empty except; no demonstrated production failure or security fail-open.,no,n/a,accepted_debt,still_present_exact_line
53dfd3ebbce2055d,py/empty-except,dashboard.py,733,'except' clause does nothing but pass and there is no explanatory comment.,,recommendation,high,external/cwe/cwe-390,production,internet_facing_api,production,QUALITY_TECHNICAL_DEBT,Broad empty except; no demonstrated production failure or security fail-open.,no,n/a,accepted_debt,still_present_exact_line
c4955795c92a480e,py/empty-except,dashboard.py,740,'except' clause does nothing but pass and there is no explanatory comment.,,recommendation,high,external/cwe/cwe-390,production,internet_facing_api,production,QUALITY_TECHNICAL_DEBT,Broad empty except; no demonstrated production failure or security fail-open.,no,n/a,accepted_debt,still_present_exact_line
1ab58ea5b1718b58,py/empty-except,dashboard.py,747,'except' clause does nothing but pass and there is no explanatory comment.,,recommendation,high,external/cwe/cwe-390,production,internet_facing_api,production,QUALITY_TECHNICAL_DEBT,Broad empty except; no demonstrated production failure or security fail-open.,no,n/a,accepted_debt,still_present_exact_line
5e71fef12ad91c55,py/empty-except,dashboard.py,754,'except' clause does nothing but pass and there is no explanatory comment.,,recommendation,high,external/cwe/cwe-390,production,internet_facing_api,production,QUALITY_TECHNICAL_DEBT,Broad empty except; no demonstrated production failure or security fail-open.,no,n/a,accepted_debt,still_present_exact_line
e5b3f8f9882297de,py/empty-except,dashboard.py,761,'except' clause does nothing but pass and there is no explanatory comment.,,recommendation,high,external/cwe/cwe-390,production,internet_facing_api,production,QUALITY_TECHNICAL_DEBT,Broad empty except; no demonstrated production failure or security fail-open.,no,n/a,accepted_debt,still_present_exact_line
b0d60c04f5edbd9b,py/empty-except,dashboard.py,768,'except' clause does nothing but pass and there is no explanatory comment.,,recommendation,high,external/cwe/cwe-390,production,internet_facing_api,production,QUALITY_TECHNICAL_DEBT,Broad empty except; no demonstrated production failure or security fail-open.,no,n/a,accepted_debt,still_present_exact_line
a70d1c5c4f1af7ce,py/empty-except,dashboard.py,775,'except' clause does nothing but pass and there is no explanatory comment.,,recommendation,high,external/cwe/cwe-390,production,internet_facing_api,production,QUALITY_TECHNICAL_DEBT,Broad empty except; no demonstrated production failure or security fail-open.,no,n/a,accepted_debt,still_present_exact_line
2d33ecdfba9b8ac1,py/empty-except,dashboard.py,782,'except' clause does nothing but pass and there is no explanatory comment.,,recommendation,high,external/cwe/cwe-390,production,internet_facing_api,production,QUALITY_TECHNICAL_DEBT,Broad empty except; no demonstrated production failure or security fail-open.,no,n/a,accepted_debt,still_present_exact_line
1e9f8fa1040fe73c,py/empty-except,dashboard.py,789,'except' clause does nothing but pass and there is no explanatory comment.,,recommendation,high,external/cwe/cwe-390,production,internet_facing_api,production,QUALITY_TECHNICAL_DEBT,Broad empty except; no demonstrated production failure or security fail-open.,no,n/a,accepted_debt,still_present_exact_line
348e100315650540,py/empty-except,dashboard.py,803,'except' clause does nothing but pass and there is no explanatory comment.,,recommendation,high,external/cwe/cwe-390,production,internet_facing_api,production,QUALITY_TECHNICAL_DEBT,Broad empty except; no demonstrated production failure or security fail-open.,no,n/a,accepted_debt,still_present_exact_line
2ae782e9f3e4397a,py/empty-except,dashboard.py,899,'except' clause does nothing but pass and there is no explanatory comment.,,recommendation,high,external/cwe/cwe-390,production,internet_facing_api,production,QUALITY_TECHNICAL_DEBT,Broad empty except; no demonstrated production failure or security fail-open.,no,n/a,accepted_debt,still_present_exact_line
1523c522c9831ec4,py/empty-except,dashboard.py,1509,'except' clause does nothing but pass and there is no explanatory comment.,,recommendation,high,external/cwe/cwe-390,production,internet_facing_api,production,QUALITY_TECHNICAL_DEBT,Broad empty except; no demonstrated production failure or security fail-open.,no,n/a,accepted_debt,still_present_exact_line
cb509d68cdc1e454,py/empty-except,dashboard.py,2614,'except' clause does nothing but pass and there is no explanatory comment.,,recommendation,high,external/cwe/cwe-390,production,internet_facing_api,production,QUALITY_TECHNICAL_DEBT,Broad empty except; no demonstrated production failure or security fail-open.,no,n/a,accepted_debt,still_present_exact_line
5f72386bef93319b,py/empty-except,dashboard.py,2633,'except' clause does nothing but pass and there is no explanatory comment.,,recommendation,high,external/cwe/cwe-390,production,internet_facing_api,production,QUALITY_TECHNICAL_DEBT,Broad empty except; no demonstrated production failure or security fail-open.,no,n/a,accepted_debt,still_present_exact_line
4dbf01f91e5ad836,py/empty-except,dashboard.py,2987,'except' clause does nothing but pass and there is no explanatory comment.,,recommendation,high,external/cwe/cwe-390,production,internet_facing_api,production,QUALITY_TECHNICAL_DEBT,Broad empty except; no demonstrated production failure or security fail-open.,no,n/a,accepted_debt,still_present_exact_line
6871d6ae8ffc4dd1,py/empty-except,dashboard.py,4472,'except' clause does nothing but pass and there is no explanatory comment.,,recommendation,high,external/cwe/cwe-390,production,internet_facing_api,production,QUALITY_TECHNICAL_DEBT,Broad empty except; no demonstrated production failure or security fail-open.,no,n/a,accepted_debt,still_present_exact_line
fb8d8ec5b4a06411,py/empty-except,data_freshness.py,64,'except' clause does nothing but pass and there is no explanatory comment.,,recommendation,high,external/cwe/cwe-390,production,internet_facing_api,production,QUALITY_TECHNICAL_DEBT,Broad empty except; no demonstrated production failure or security fail-open.,no,n/a,accepted_debt,still_present_exact_line
783b4bcc2de32157,py/empty-except,data_freshness.py,73,'except' clause does nothing but pass and there is no explanatory comment.,,recommendation,high,external/cwe/cwe-390,production,internet_facing_api,production,QUALITY_TECHNICAL_DEBT,Broad empty except; no demonstrated production failure or security fail-open.,no,n/a,accepted_debt,still_present_exact_line
0dd4f4d7c3393372,py/empty-except,bd_platform/data_sources_layer.py,463,'except' clause does nothing but pass and there is no explanatory comment.,,recommendation,high,external/cwe/cwe-390,production,internet_facing_api,production,QUALITY_TECHNICAL_DEBT,Broad empty except; no demonstrated production failure or security fail-open.,no,n/a,accepted_debt,still_present_exact_line
f9400526b475f0e4,py/empty-except,bd_platform/data_sources_layer.py,546,'except' clause does nothing but pass and there is no explanatory comment.,,recommendation,high,external/cwe/cwe-390,production,internet_facing_api,production,QUALITY_TECHNICAL_DEBT,Broad empty except; no demonstrated production failure or security fail-open.,no,n/a,accepted_debt,still_present_exact_line
5b7671e5c079435f,py/empty-except,data_sources_registry.py,221,'except' clause does nothing but pass and there is no explanatory comment.,,recommendation,high,external/cwe/cwe-390,production,internet_facing_api,production,QUALITY_TECHNICAL_DEBT,Broad empty except; no demonstrated production failure or security fail-open.,no,n/a,accepted_debt,still_present_exact_line
6f644560856fe0b3,py/empty-except,database.py,3684,'except' clause does nothing but pass and there is no explanatory comment.,,recommendation,high,external/cwe/cwe-390,production,internet_facing_api,production,QUALITY_TECHNICAL_DEBT,Empty except in sensitive path reviewed; intentional swallow with outer fail-closed or non-critical auxiliary path.,no,n/a,accepted_debt,absent_from_final_sarif
b8bf7e64e05321f4,py/empty-except,database.py,3983,'except' clause does nothing but pass and there is no explanatory comment.,,recommendation,high,external/cwe/cwe-390,production,internet_facing_api,production,QUALITY_TECHNICAL_DEBT,Empty except in sensitive path reviewed; intentional swallow with outer fail-closed or non-critical auxiliary path.,no,n/a,accepted_debt,absent_from_final_sarif
b3d52612e9b8ad77,py/empty-except,db_upgrade.py,82,'except' clause does nothing but pass and there is no explanatory comment.,,recommendation,high,external/cwe/cwe-390,production,internet_facing_api,production,QUALITY_TECHNICAL_DEBT,Broad empty except; no demonstrated production failure or security fail-open.,no,n/a,accepted_debt,still_present_exact_line
7775cd12814565c3,py/empty-except,dbt_connector.py,80,'except' clause does nothing but pass and there is no explanatory comment.,,recommendation,high,external/cwe/cwe-390,production,internet_facing_api,production,QUALITY_TECHNICAL_DEBT,Broad empty except; no demonstrated production failure or security fail-open.,no,n/a,accepted_debt,still_present_exact_line
1bca062ea0f88a86,py/empty-except,decision_ledger.py,38,'except' clause does nothing but pass and there is no explanatory comment.,,recommendation,high,external/cwe/cwe-390,production,internet_facing_api,production,QUALITY_TECHNICAL_DEBT,Broad empty except; no demonstrated production failure or security fail-open.,no,n/a,accepted_debt,still_present_exact_line
0ca76398f32c46ed,py/empty-except,api/deps.py,88,'except' clause does nothing but pass and there is no explanatory comment.,,recommendation,high,external/cwe/cwe-390,production,internet_facing_api,production,QUALITY_TECHNICAL_DEBT,Empty except in sensitive path reviewed; intentional swallow with outer fail-closed or non-critical auxiliary path.,no,n/a,accepted_debt,still_present_exact_line
5ee83bef094f183f,py/empty-except,bd_platform/derivatives_ta_research_layer.py,552,'except' clause does nothing but pass and there is no explanatory comment.,,recommendation,high,external/cwe/cwe-390,production,internet_facing_api,production,QUALITY_TECHNICAL_DEBT,Broad empty except; no demonstrated production failure or security fail-open.,no,n/a,accepted_debt,still_present_exact_line
ff0ce64dba6ac51a,py/empty-except,dex_fetcher.py,180,'except' clause does nothing but pass and there is no explanatory comment.,,recommendation,high,external/cwe/cwe-390,production,internet_facing_api,production,QUALITY_TECHNICAL_DEBT,Broad empty except; no demonstrated production failure or security fail-open.,no,n/a,accepted_debt,still_present_exact_line
d52b32bb00182ab5,py/empty-except,distribution_compounding.py,57,'except' clause does nothing but pass and there is no explanatory comment.,,recommendation,high,external/cwe/cwe-390,production,internet_facing_api,production,QUALITY_TECHNICAL_DEBT,Broad empty except; no demonstrated production failure or security fail-open.,no,n/a,accepted_debt,still_present_exact_line
6aaba30d32d42bf7,py/empty-except,due_diligence.py,52,'except' clause does nothing but pass and there is no explanatory comment.,,recommendation,high,external/cwe/cwe-390,production,internet_facing_api,production,QUALITY_TECHNICAL_DEBT,Broad empty except; no demonstrated production failure or security fail-open.,no,n/a,accepted_debt,still_present_exact_line
a2b984af5c6964ff,py/empty-except,encoding_bootstrap.py,16,'except' clause does nothing but pass and there is no explanatory comment.,,recommendation,high,external/cwe/cwe-390,production,internet_facing_api,production,QUALITY_TECHNICAL_DEBT,Broad empty except; no demonstrated production failure or security fail-open.,no,n/a,accepted_debt,still_present_exact_line
53d484aa791fcbb0,py/empty-except,encoding_bootstrap.py,21,'except' clause does nothing but pass and there is no explanatory comment.,,recommendation,high,external/cwe/cwe-390,production,internet_facing_api,production,QUALITY_TECHNICAL_DEBT,Broad empty except; no demonstrated production failure or security fail-open.,no,n/a,accepted_debt,still_present_exact_line
24ca743d38f5e49d,py/empty-except,cap646/entitlements.py,74,'except' clause does nothing but pass and there is no explanatory comment.,,recommendation,high,external/cwe/cwe-390,production,internet_facing_api,production,QUALITY_TECHNICAL_DEBT,Broad empty except; no demonstrated production failure or security fail-open.,no,n/a,accepted_debt,still_present_exact_line
0aee6448463c40e7,py/empty-except,cap646/entitlements.py,129,'except' clause does nothing but pass and there is no explanatory comment.,,recommendation,high,external/cwe/cwe-390,production,internet_facing_api,production,QUALITY_TECHNICAL_DEBT,Broad empty except; no demonstrated production failure or security fail-open.,no,n/a,accepted_debt,still_present_exact_line
028af8d49c6840cc,py/empty-except,cap646/entitlements.py,143,'except' clause does nothing but pass and there is no explanatory comment.,,recommendation,high,external/cwe/cwe-390,production,internet_facing_api,production,QUALITY_TECHNICAL_DEBT,Broad empty except; no demonstrated production failure or security fail-open.,no,n/a,accepted_debt,still_present_exact_line
0ac1eaa9ee5530d1,py/empty-except,execution_keys.py,166,'except' clause does nothing but pass and there is no explanatory comment.,,recommendation,high,external/cwe/cwe-390,production,internet_facing_api,production,QUALITY_TECHNICAL_DEBT,Empty except in sensitive path reviewed; intentional swallow with outer fail-closed or non-critical auxiliary path.,no,n/a,accepted_debt,still_present_exact_line
67b3e063e1e62a14,py/empty-except,execution_keys.py,278,'except' clause does nothing but pass and there is no explanatory comment.,,recommendation,high,external/cwe/cwe-390,production,internet_facing_api,production,QUALITY_TECHNICAL_DEBT,Empty except in sensitive path reviewed; intentional swallow with outer fail-closed or non-critical auxiliary path.,no,n/a,accepted_debt,still_present_exact_line
a97ecd2dec138a1c,py/empty-except,failure_corpus.py,34,'except' clause does nothing but pass and there is no explanatory comment.,,recommendation,high,external/cwe/cwe-390,production,internet_facing_api,production,QUALITY_TECHNICAL_DEBT,Broad empty except; no demonstrated production failure or security fail-open.,no,n/a,accepted_debt,still_present_exact_line
3be50b869df5b435,py/empty-except,failure_corpus.py,66,'except' clause does nothing but pass and there is no explanatory comment.,,recommendation,high,external/cwe/cwe-390,production,internet_facing_api,production,QUALITY_TECHNICAL_DEBT,Broad empty except; no demonstrated production failure or security fail-open.,no,n/a,accepted_debt,still_present_exact_line
2e841069077a1b5e,py/empty-except,fee_matrix.py,218,'except' clause does nothing but pass and there is no explanatory comment.,,recommendation,high,external/cwe/cwe-390,production,internet_facing_api,production,QUALITY_TECHNICAL_DEBT,Broad empty except; no demonstrated production failure or security fail-open.,no,n/a,accepted_debt,still_present_exact_line
10d3de7e30852b9e,py/empty-except,fee_matrix.py,223,'except' clause does nothing but pass and there is no explanatory comment.,,recommendation,high,external/cwe/cwe-390,production,internet_facing_api,production,QUALITY_TECHNICAL_DEBT,Broad empty except; no demonstrated production failure or security fail-open.,no,n/a,accepted_debt,still_present_exact_line
4cf771f357e6f6ea,py/empty-except,gas_oracle.py,124,'except' clause does nothing but pass and there is no explanatory comment.,,recommendation,high,external/cwe/cwe-390,production,internet_facing_api,production,QUALITY_TECHNICAL_DEBT,Broad empty except; no demonstrated production failure or security fail-open.,no,n/a,accepted_debt,still_present_exact_line
665ff63fa4b0d9ea,py/empty-except,scripts/generate_supplemental_closure_report.py,476,'except' clause does nothing but pass and there is no explanatory comment.,,recommendation,high,external/cwe/cwe-390,operator_cli,operator_local,operator_cli,QUALITY_TECHNICAL_DEBT,Broad empty except; no demonstrated production failure or security fail-open.,no,n/a,accepted_debt,still_present_exact_line
73293a6b41e46174,py/empty-except,scripts/generate_template_stub_311_remediation_plan.py,30,'except' clause does nothing but pass and there is no explanatory comment.,,recommendation,high,external/cwe/cwe-390,operator_cli,operator_local,operator_cli,QUALITY_TECHNICAL_DEBT,Broad empty except; no demonstrated production failure or security fail-open.,no,n/a,accepted_debt,still_present_exact_line
6c9b7a3fada5a126,py/empty-except,graphql_schema.py,167,'except' clause does nothing but pass and there is no explanatory comment.,,recommendation,high,external/cwe/cwe-390,production,internet_facing_api,production,QUALITY_TECHNICAL_DEBT,Broad empty except; no demonstrated production failure or security fail-open.,no,n/a,accepted_debt,still_present_exact_line
0bb20bdee3980c14,py/empty-except,gtm_service.py,137,'except' clause does nothing but pass and there is no explanatory comment.,,recommendation,high,external/cwe/cwe-390,production,internet_facing_api,production,QUALITY_TECHNICAL_DEBT,Broad empty except; no demonstrated production failure or security fail-open.,no,n/a,accepted_debt,still_present_exact_line
6703cd22ed279fe6,py/empty-except,api/routers/heroes.py,281,'except' clause does nothing but pass and there is no explanatory comment.,,recommendation,high,external/cwe/cwe-390,production,internet_facing_api,production,QUALITY_TECHNICAL_DEBT,Empty except in sensitive path reviewed; intentional swallow with outer fail-closed or non-critical auxiliary path.,no,n/a,accepted_debt,still_present_exact_line
e9967c247a8ecce2,py/empty-except,hot_tier_reader.py,148,'except' clause does nothing but pass and there is no explanatory comment.,,recommendation,high,external/cwe/cwe-390,production,internet_facing_api,production,QUALITY_TECHNICAL_DEBT,Broad empty except; no demonstrated production failure or security fail-open.,no,n/a,accepted_debt,still_present_exact_line
23041be9ef2f1351,py/empty-except,i18n_service.py,576,'except' clause does nothing but pass and there is no explanatory comment.,,recommendation,high,external/cwe/cwe-390,production,internet_facing_api,production,QUALITY_TECHNICAL_DEBT,Broad empty except; no demonstrated production failure or security fail-open.,no,n/a,accepted_debt,still_present_exact_line
1d936d821555c33b,py/empty-except,i18n_service.py,582,'except' clause does nothing but pass and there is no explanatory comment.,,recommendation,high,external/cwe/cwe-390,production,internet_facing_api,production,QUALITY_TECHNICAL_DEBT,Broad empty except; no demonstrated production failure or security fail-open.,no,n/a,accepted_debt,still_present_exact_line
91a4180dbe1b26ed,py/empty-except,i18n_service.py,591,'except' clause does nothing but pass and there is no explanatory comment.,,recommendation,high,external/cwe/cwe-390,production,internet_facing_api,production,QUALITY_TECHNICAL_DEBT,Broad empty except; no demonstrated production failure or security fail-open.,no,n/a,accepted_debt,still_present_exact_line
cae12d3eb00b4e47,py/empty-except,governance/identity_governance.py,16,'except' clause does nothing but pass and there is no explanatory comment.,,recommendation,high,external/cwe/cwe-390,production,internet_facing_api,production,QUALITY_TECHNICAL_DEBT,Empty except in sensitive path reviewed; intentional swallow with outer fail-closed or non-critical auxiliary path.,no,n/a,accepted_debt,still_present_exact_line
1f278127dceb48df,py/empty-except,governance/identity_governance.py,26,'except' clause does nothing but pass and there is no explanatory comment.,,recommendation,high,external/cwe/cwe-390,production,internet_facing_api,production,QUALITY_TECHNICAL_DEBT,Empty except in sensitive path reviewed; intentional swallow with outer fail-closed or non-critical auxiliary path.,no,n/a,accepted_debt,still_present_exact_line
b8c96ea7f621b75d,py/empty-except,governance/identity_governance.py,34,'except' clause does nothing but pass and there is no explanatory comment.,,recommendation,high,external/cwe/cwe-390,production,internet_facing_api,production,QUALITY_TECHNICAL_DEBT,Empty except in sensitive path reviewed; intentional swallow with outer fail-closed or non-critical auxiliary path.,no,n/a,accepted_debt,still_present_exact_line
b024989b2371520f,py/empty-except,in_app_alerts.py,54,'except' clause does nothing but pass and there is no explanatory comment.,,recommendation,high,external/cwe/cwe-390,production,internet_facing_api,production,QUALITY_TECHNICAL_DEBT,Broad empty except; no demonstrated production failure or security fail-open.,no,n/a,accepted_debt,still_present_exact_line
504aff2693481eaf,py/empty-except,bd_platform/infra_intelligence_layer.py,161,'except' clause does nothing but pass and there is no explanatory comment.,,recommendation,high,external/cwe/cwe-390,production,internet_facing_api,production,QUALITY_TECHNICAL_DEBT,Broad empty except; no demonstrated production failure or security fail-open.,no,n/a,accepted_debt,still_present_exact_line
772f74cd4574e345,py/empty-except,bd_platform/infra_intelligence_layer.py,462,'except' clause does nothing but pass and there is no explanatory comment.,,recommendation,high,external/cwe/cwe-390,production,internet_facing_api,production,QUALITY_TECHNICAL_DEBT,Broad empty except; no demonstrated production failure or security fail-open.,no,n/a,accepted_debt,still_present_exact_line
e2483656af6c78be,py/empty-except,infra_metrics.py,56,'except' clause does nothing but pass and there is no explanatory comment.,,recommendation,high,external/cwe/cwe-390,production,internet_facing_api,production,QUALITY_TECHNICAL_DEBT,Broad empty except; no demonstrated production failure or security fail-open.,no,n/a,accepted_debt,still_present_exact_line
cfece5cec6b47815,py/empty-except,institutional_assurance.py,558,'except' clause does nothing but pass and there is no explanatory comment.,,recommendation,high,external/cwe/cwe-390,production,internet_facing_api,production,QUALITY_TECHNICAL_DEBT,Broad empty except; no demonstrated production failure or security fail-open.,no,n/a,accepted_debt,still_present_exact_line
9a75647c4c5bbf25,py/empty-except,bd_platform/intelligence_market_extensions_layer.py,596,'except' clause does nothing but pass and there is no explanatory comment.,,recommendation,high,external/cwe/cwe-390,production,internet_facing_api,production,QUALITY_TECHNICAL_DEBT,Broad empty except; no demonstrated production failure or security fail-open.,no,n/a,accepted_debt,still_present_exact_line
80779b70d5a15a26,py/empty-except,bd_platform/intelligence_ux_extensions_layer.py,560,'except' clause does nothing but pass and there is no explanatory comment.,,recommendation,high,external/cwe/cwe-390,production,internet_facing_api,production,QUALITY_TECHNICAL_DEBT,Broad empty except; no demonstrated production failure or security fail-open.,no,n/a,accepted_debt,still_present_exact_line
02ed7dfb8355e13f,py/empty-except,bd_platform/intelligence_ux_extensions_layer.py,568,'except' clause does nothing but pass and there is no explanatory comment.,,recommendation,high,external/cwe/cwe-390,production,internet_facing_api,production,QUALITY_TECHNICAL_DEBT,Broad empty except; no demonstrated production failure or security fail-open.,no,n/a,accepted_debt,still_present_exact_line
df5c0bd1ddb33b0a,py/empty-except,bd_platform/intelligence_ux_extensions_layer.py,576,'except' clause does nothing but pass and there is no explanatory comment.,,recommendation,high,external/cwe/cwe-390,production,internet_facing_api,production,QUALITY_TECHNICAL_DEBT,Broad empty except; no demonstrated production failure or security fail-open.,no,n/a,accepted_debt,still_present_exact_line
55ded61475db94da,py/empty-except,kill_rate_board.py,43,'except' clause does nothing but pass and there is no explanatory comment.,,recommendation,high,external/cwe/cwe-390,production,internet_facing_api,production,QUALITY_TECHNICAL_DEBT,Broad empty except; no demonstrated production failure or security fail-open.,no,n/a,accepted_debt,still_present_exact_line
b85e4b6974e807eb,py/empty-except,ml/labeling_pipeline.py,192,'except' clause does nothing but pass and there is no explanatory comment.,,recommendation,high,external/cwe/cwe-390,production,internet_facing_api,production,QUALITY_TECHNICAL_DEBT,Broad empty except; no demonstrated production failure or security fail-open.,no,n/a,accepted_debt,still_present_exact_line
1841a6ebbf7d6a78,py/empty-except,bd_platform/legal_commercial_layer.py,347,'except' clause does nothing but pass and there is no explanatory comment.,,recommendation,high,external/cwe/cwe-390,production,internet_facing_api,production,QUALITY_TECHNICAL_DEBT,Broad empty except; no demonstrated production failure or security fail-open.,no,n/a,accepted_debt,still_present_exact_line
9dee8448e3e328a6,py/empty-except,microservices/lifecycle.py,127,'except' clause does nothing but pass and there is no explanatory comment.,,recommendation,high,external/cwe/cwe-390,production,internet_facing_api,production,QUALITY_TECHNICAL_DEBT,Broad empty except; no demonstrated production failure or security fail-open.,no,n/a,accepted_debt,still_present_exact_line
2ae4ac8f4faa5cbe,py/empty-except,microservices/lifecycle.py,212,'except' clause does nothing but pass and there is no explanatory comment.,,recommendation,high,external/cwe/cwe-390,production,internet_facing_api,production,QUALITY_TECHNICAL_DEBT,Broad empty except; no demonstrated production failure or security fail-open.,no,n/a,accepted_debt,still_present_exact_line
7c27f68a8a757699,py/empty-except,liquidity_discovery.py,755,'except' clause does nothing but pass and there is no explanatory comment.,,recommendation,high,external/cwe/cwe-390,production,internet_facing_api,production,QUALITY_TECHNICAL_DEBT,Broad empty except; no demonstrated production failure or security fail-open.,no,n/a,accepted_debt,still_present_exact_line
17bb8db6e5c29375,py/empty-except,bd_platform/market_analysis_layer.py,745,'except' clause does nothing but pass and there is no explanatory comment.,,recommendation,high,external/cwe/cwe-390,production,internet_facing_api,production,QUALITY_TECHNICAL_DEBT,Broad empty except; no demonstrated production failure or security fail-open.,no,n/a,accepted_debt,still_present_exact_line
7c99c4a08714421e,py/empty-except,market_event_library.py,38,'except' clause does nothing but pass and there is no explanatory comment.,,recommendation,high,external/cwe/cwe-390,production,internet_facing_api,production,QUALITY_TECHNICAL_DEBT,Broad empty except; no demonstrated production failure or security fail-open.,no,n/a,accepted_debt,still_present_exact_line
a3745395e60ed8a7,py/empty-except,market_fetcher_hub.py,22,'except' clause does nothing but pass and there is no explanatory comment.,,recommendation,high,external/cwe/cwe-390,production,internet_facing_api,production,QUALITY_TECHNICAL_DEBT,Broad empty except; no demonstrated production failure or security fail-open.,no,n/a,accepted_debt,still_present_exact_line
cc90c9af163267a5,py/empty-except,market_fetcher_hub.py,28,'except' clause does nothing but pass and there is no explanatory comment.,,recommendation,high,external/cwe/cwe-390,production,internet_facing_api,production,QUALITY_TECHNICAL_DEBT,Broad empty except; no demonstrated production failure or security fail-open.,no,n/a,accepted_debt,still_present_exact_line
0ec03c2cd71b14e6,py/empty-except,market_fetcher_hub.py,34,'except' clause does nothing but pass and there is no explanatory comment.,,recommendation,high,external/cwe/cwe-390,production,internet_facing_api,production,QUALITY_TECHNICAL_DEBT,Broad empty except; no demonstrated production failure or security fail-open.,no,n/a,accepted_debt,still_present_exact_line
008b857b151d15af,py/empty-except,market_fetcher_hub.py,40,'except' clause does nothing but pass and there is no explanatory comment.,,recommendation,high,external/cwe/cwe-390,production,internet_facing_api,production,QUALITY_TECHNICAL_DEBT,Broad empty except; no demonstrated production failure or security fail-open.,no,n/a,accepted_debt,still_present_exact_line
55aeaee8fb3981a5,py/empty-except,market_fetcher_hub.py,51,'except' clause does nothing but pass and there is no explanatory comment.,,recommendation,high,external/cwe/cwe-390,production,internet_facing_api,production,QUALITY_TECHNICAL_DEBT,Broad empty except; no demonstrated production failure or security fail-open.,no,n/a,accepted_debt,still_present_exact_line
16907481f58af45a,py/empty-except,market_fetcher_hub.py,57,'except' clause does nothing but pass and there is no explanatory comment.,,recommendation,high,external/cwe/cwe-390,production,internet_facing_api,production,QUALITY_TECHNICAL_DEBT,Broad empty except; no demonstrated production failure or security fail-open.,no,n/a,accepted_debt,still_present_exact_line
ef5e6a16fb75b7b0,py/empty-except,market_fetcher_hub.py,71,'except' clause does nothing but pass and there is no explanatory comment.,,recommendation,high,external/cwe/cwe-390,production,internet_facing_api,production,QUALITY_TECHNICAL_DEBT,Broad empty except; no demonstrated production failure or security fail-open.,no,n/a,accepted_debt,still_present_exact_line
aa0d31b169d4a165,py/empty-except,market_fetcher_hub.py,78,'except' clause does nothing but pass and there is no explanatory comment.,,recommendation,high,external/cwe/cwe-390,production,internet_facing_api,production,QUALITY_TECHNICAL_DEBT,Broad empty except; no demonstrated production failure or security fail-open.,no,n/a,accepted_debt,still_present_exact_line
1c67a01b9fd6c19d,py/empty-except,market_fetcher_hub.py,85,'except' clause does nothing but pass and there is no explanatory comment.,,recommendation,high,external/cwe/cwe-390,production,internet_facing_api,production,QUALITY_TECHNICAL_DEBT,Broad empty except; no demonstrated production failure or security fail-open.,no,n/a,accepted_debt,still_present_exact_line
bb44e407aa6450b9,py/empty-except,market_fetcher_hub.py,187,'except' clause does nothing but pass and there is no explanatory comment.,,recommendation,high,external/cwe/cwe-390,production,internet_facing_api,production,QUALITY_TECHNICAL_DEBT,Broad empty except; no demonstrated production failure or security fail-open.,no,n/a,accepted_debt,still_present_exact_line
8b9d40a88ec17d7a,py/empty-except,market_intel.py,123,'except' clause does nothing but pass and there is no explanatory comment.,,recommendation,high,external/cwe/cwe-390,production,internet_facing_api,production,QUALITY_TECHNICAL_DEBT,Broad empty except; no demonstrated production failure or security fail-open.,no,n/a,accepted_debt,still_present_exact_line
d093bf1035d4cc12,py/empty-except,ops/monitoring_alerting.py,142,'except' clause does nothing but pass and there is no explanatory comment.,,recommendation,high,external/cwe/cwe-390,production,internet_facing_api,production,QUALITY_TECHNICAL_DEBT,Empty except in sensitive path reviewed; intentional swallow with outer fail-closed or non-critical auxiliary path.,no,n/a,accepted_debt,still_present_exact_line
85153a96b8d4334f,py/empty-except,bd_platform/onchain_defi_sources_layer.py,508,'except' clause does nothing but pass and there is no explanatory comment.,,recommendation,high,external/cwe/cwe-390,production,internet_facing_api,production,QUALITY_TECHNICAL_DEBT,Broad empty except; no demonstrated production failure or security fail-open.,no,n/a,accepted_debt,still_present_exact_line
169ebdecf4653aea,py/empty-except,bd_platform/onchain_defi_sources_layer.py,516,'except' clause does nothing but pass and there is no explanatory comment.,,recommendation,high,external/cwe/cwe-390,production,internet_facing_api,production,QUALITY_TECHNICAL_DEBT,Broad empty except; no demonstrated production failure or security fail-open.,no,n/a,accepted_debt,still_present_exact_line
074dd00c22201f60,py/empty-except,bd_platform/onchain_platform_layer.py,327,'except' clause does nothing but pass and there is no explanatory comment.,,recommendation,high,external/cwe/cwe-390,production,internet_facing_api,production,QUALITY_TECHNICAL_DEBT,Broad empty except; no demonstrated production failure or security fail-open.,no,n/a,accepted_debt,still_present_exact_line
c5c1dc416b18683a,py/empty-except,bd_platform/onchain_platform_layer.py,333,'except' clause does nothing but pass and there is no explanatory comment.,,recommendation,high,external/cwe/cwe-390,production,internet_facing_api,production,QUALITY_TECHNICAL_DEBT,Broad empty except; no demonstrated production failure or security fail-open.,no,n/a,accepted_debt,still_present_exact_line
0dad6e8e41062704,py/empty-except,bd_platform/onchain_platform_layer.py,643,'except' clause does nothing but pass and there is no explanatory comment.,,recommendation,high,external/cwe/cwe-390,production,internet_facing_api,production,QUALITY_TECHNICAL_DEBT,Broad empty except; no demonstrated production failure or security fail-open.,no,n/a,accepted_debt,still_present_exact_line
6c18d990ea358377,py/empty-except,oracle_audit_chain.py,129,'except' clause does nothing but pass and there is no explanatory comment.,,recommendation,high,external/cwe/cwe-390,production,internet_facing_api,production,QUALITY_TECHNICAL_DEBT,Empty except in sensitive path reviewed; intentional swallow with outer fail-closed or non-critical auxiliary path.,no,n/a,accepted_debt,still_present_exact_line
2cd0286ed797fdfd,py/empty-except,oracle_unified.py,246,'except' clause does nothing but pass and there is no explanatory comment.,,recommendation,high,external/cwe/cwe-390,production,internet_facing_api,production,QUALITY_TECHNICAL_DEBT,Broad empty except; no demonstrated production failure or security fail-open.,no,n/a,accepted_debt,still_present_exact_line
5bab9ab85a79b949,py/empty-except,parquet_compactor.py,619,'except' clause does nothing but pass and there is no explanatory comment.,,recommendation,high,external/cwe/cwe-390,production,internet_facing_api,production,QUALITY_TECHNICAL_DEBT,Broad empty except; no demonstrated production failure or security fail-open.,no,n/a,accepted_debt,still_present_exact_line
68888bea25217ca8,py/empty-except,platform_api.py,863,'except' clause does nothing but pass and there is no explanatory comment.,,recommendation,high,external/cwe/cwe-390,production,internet_facing_api,production,QUALITY_TECHNICAL_DEBT,Broad empty except; no demonstrated production failure or security fail-open.,no,n/a,accepted_debt,still_present_exact_line
4f2379d3881168ca,py/empty-except,postgres_backend.py,332,'except' clause does nothing but pass and there is no explanatory comment.,,recommendation,high,external/cwe/cwe-390,production,internet_facing_api,production,QUALITY_TECHNICAL_DEBT,Broad empty except; no demonstrated production failure or security fail-open.,no,n/a,accepted_debt,still_present_exact_line
b28285d9d62da45d,py/empty-except,price_stream_engine.py,204,'except' clause does nothing but pass and there is no explanatory comment.,,recommendation,high,external/cwe/cwe-390,production,internet_facing_api,production,QUALITY_TECHNICAL_DEBT,Broad empty except; no demonstrated production failure or security fail-open.,no,n/a,accepted_debt,still_present_exact_line
56d3cbeb984d3b93,py/empty-except,price_stream_engine.py,212,'except' clause does nothing but pass and there is no explanatory comment.,,recommendation,high,external/cwe/cwe-390,production,internet_facing_api,production,QUALITY_TECHNICAL_DEBT,Broad empty except; no demonstrated production failure or security fail-open.,no,n/a,accepted_debt,still_present_exact_line
2a30493f92cc21d6,py/empty-except,price_stream_processor.py,117,'except' clause does nothing but pass and there is no explanatory comment.,,recommendation,high,external/cwe/cwe-390,production,internet_facing_api,production,QUALITY_TECHNICAL_DEBT,Broad empty except; no demonstrated production failure or security fail-open.,no,n/a,accepted_debt,still_present_exact_line
4e7bd53165da039b,py/empty-except,price_stream_processor.py,161,'except' clause does nothing but pass and there is no explanatory comment.,,recommendation,high,external/cwe/cwe-390,production,internet_facing_api,production,QUALITY_TECHNICAL_DEBT,Broad empty except; no demonstrated production failure or security fail-open.,no,n/a,accepted_debt,still_present_exact_line
97af68bda2c19552,py/empty-except,bd_platform/pro_trader_layer.py,409,'except' clause does nothing but pass and there is no explanatory comment.,,recommendation,high,external/cwe/cwe-390,production,internet_facing_api,production,QUALITY_TECHNICAL_DEBT,Broad empty except; no demonstrated production failure or security fail-open.,no,n/a,accepted_debt,still_present_exact_line
ccd3791d678db106,py/empty-except,bd_platform/pro_trader_layer.py,415,'except' clause does nothing but pass and there is no explanatory comment.,,recommendation,high,external/cwe/cwe-390,production,internet_facing_api,production,QUALITY_TECHNICAL_DEBT,Broad empty except; no demonstrated production failure or security fail-open.,no,n/a,accepted_debt,still_present_exact_line
0a268b9d3197cbd4,py/empty-except,bd_platform/pro_trader_layer.py,529,'except' clause does nothing but pass and there is no explanatory comment.,,recommendation,high,external/cwe/cwe-390,production,internet_facing_api,production,QUALITY_TECHNICAL_DEBT,Broad empty except; no demonstrated production failure or security fail-open.,no,n/a,accepted_debt,still_present_exact_line
521aa2bc312decdf,py/empty-except,bd_platform/pro_trader_layer.py,601,'except' clause does nothing but pass and there is no explanatory comment.,,recommendation,high,external/cwe/cwe-390,production,internet_facing_api,production,QUALITY_TECHNICAL_DEBT,Broad empty except; no demonstrated production failure or security fail-open.,no,n/a,accepted_debt,still_present_exact_line
700283b5072c1041,py/empty-except,bd_platform/pro_trader_layer.py,607,'except' clause does nothing but pass and there is no explanatory comment.,,recommendation,high,external/cwe/cwe-390,production,internet_facing_api,production,QUALITY_TECHNICAL_DEBT,Broad empty except; no demonstrated production failure or security fail-open.,no,n/a,accepted_debt,still_present_exact_line
8bfff8d82b7a866c,py/empty-except,bd_platform/pro_trader_layer.py,746,'except' clause does nothing but pass and there is no explanatory comment.,,recommendation,high,external/cwe/cwe-390,production,internet_facing_api,production,QUALITY_TECHNICAL_DEBT,Broad empty except; no demonstrated production failure or security fail-open.,no,n/a,accepted_debt,still_present_exact_line
b806c969c1e261dc,py/empty-except,bd_platform/pro_trader_layer.py,801,'except' clause does nothing but pass and there is no explanatory comment.,,recommendation,high,external/cwe/cwe-390,production,internet_facing_api,production,QUALITY_TECHNICAL_DEBT,Broad empty except; no demonstrated production failure or security fail-open.,no,n/a,accepted_debt,still_present_exact_line
a77b8011eb6e827d,py/empty-except,redis_price_cache.py,148,'except' clause does nothing but pass and there is no explanatory comment.,,recommendation,high,external/cwe/cwe-390,production,internet_facing_api,production,QUALITY_TECHNICAL_DEBT,Broad empty except; no demonstrated production failure or security fail-open.,no,n/a,accepted_debt,still_present_exact_line
b0a5cf4d458a5aa1,py/empty-except,bd_platform/retail_intelligence_layer.py,286,'except' clause does nothing but pass and there is no explanatory comment.,,recommendation,high,external/cwe/cwe-390,production,internet_facing_api,production,QUALITY_TECHNICAL_DEBT,Broad empty except; no demonstrated production failure or security fail-open.,no,n/a,accepted_debt,still_present_exact_line
ed12225067354d12,py/empty-except,bd_platform/risk_infrastructure_layer.py,556,'except' clause does nothing but pass and there is no explanatory comment.,,recommendation,high,external/cwe/cwe-390,production,internet_facing_api,production,QUALITY_TECHNICAL_DEBT,Broad empty except; no demonstrated production failure or security fail-open.,no,n/a,accepted_debt,still_present_exact_line
41f703c435b9de09,py/empty-except,bd_platform/risk_infrastructure_layer.py,582,'except' clause does nothing but pass and there is no explanatory comment.,,recommendation,high,external/cwe/cwe-390,production,internet_facing_api,production,QUALITY_TECHNICAL_DEBT,Broad empty except; no demonstrated production failure or security fail-open.,no,n/a,accepted_debt,still_present_exact_line
a70923ea93d29385,py/empty-except,risk_manager.py,131,'except' clause does nothing but pass and there is no explanatory comment.,,recommendation,high,external/cwe/cwe-390,production,internet_facing_api,production,QUALITY_TECHNICAL_DEBT,Broad empty except; no demonstrated production failure or security fail-open.,no,n/a,accepted_debt,still_present_exact_line
6bc8c05980df7185,py/empty-except,scripts/run_plan_audit.py,17,'except' clause does nothing but pass and there is no explanatory comment.,,recommendation,high,external/cwe/cwe-390,operator_cli,operator_local,operator_cli,QUALITY_TECHNICAL_DEBT,Empty except in sensitive path reviewed; intentional swallow with outer fail-closed or non-critical auxiliary path.,no,n/a,accepted_debt,still_present_exact_line
c22c0ad3b7955ca1,py/empty-except,run_service.py,81,'except' clause does nothing but pass and there is no explanatory comment.,,recommendation,high,external/cwe/cwe-390,production,internet_facing_api,production,QUALITY_TECHNICAL_DEBT,Broad empty except; no demonstrated production failure or security fail-open.,no,n/a,accepted_debt,still_present_exact_line
16b631b8e40ecfda,py/empty-except,run_service.py,91,'except' clause does nothing but pass and there is no explanatory comment.,,recommendation,high,external/cwe/cwe-390,production,internet_facing_api,production,QUALITY_TECHNICAL_DEBT,Broad empty except; no demonstrated production failure or security fail-open.,no,n/a,accepted_debt,still_present_exact_line
f056b7e410f20430,py/empty-except,scale_readiness.py,45,'except' clause does nothing but pass and there is no explanatory comment.,,recommendation,high,external/cwe/cwe-390,production,internet_facing_api,production,QUALITY_TECHNICAL_DEBT,Broad empty except; no demonstrated production failure or security fail-open.,no,n/a,accepted_debt,still_present_exact_line
1b65b45fdca0b6d4,py/empty-except,security_middleware.py,44,'except' clause does nothing but pass and there is no explanatory comment.,,recommendation,high,external/cwe/cwe-390,production,internet_facing_api,production,QUALITY_TECHNICAL_DEBT,Empty except in sensitive path reviewed; intentional swallow with outer fail-closed or non-critical auxiliary path.,no,n/a,accepted_debt,still_present_exact_line
f183602a14b3159f,py/empty-except,security_middleware.py,59,'except' clause does nothing but pass and there is no explanatory comment.,,recommendation,high,external/cwe/cwe-390,production,internet_facing_api,production,QUALITY_TECHNICAL_DEBT,Empty except in sensitive path reviewed; intentional swallow with outer fail-closed or non-critical auxiliary path.,no,n/a,accepted_debt,still_present_exact_line
2397c8ef96992c2d,py/empty-except,security_middleware.py,99,'except' clause does nothing but pass and there is no explanatory comment.,,recommendation,high,external/cwe/cwe-390,production,internet_facing_api,production,QUALITY_TECHNICAL_DEBT,Empty except in sensitive path reviewed; intentional swallow with outer fail-closed or non-critical auxiliary path.,no,n/a,accepted_debt,still_present_exact_line
72dfc65bc1c6f6f2,py/empty-except,service_bus.py,169,'except' clause does nothing but pass and there is no explanatory comment.,,recommendation,high,external/cwe/cwe-390,production,internet_facing_api,production,QUALITY_TECHNICAL_DEBT,Broad empty except; no demonstrated production failure or security fail-open.,no,n/a,accepted_debt,still_present_exact_line
952f7b2049a6e29b,py/empty-except,scripts/setup_telegram_production.py,71,'except' clause does nothing but pass and there is no explanatory comment.,,recommendation,high,external/cwe/cwe-390,operator_cli,operator_local,operator_cli,QUALITY_TECHNICAL_DEBT,Broad empty except; no demonstrated production failure or security fail-open.,no,n/a,accepted_debt,still_present_exact_line
ca4d017ee257a144,py/empty-except,signal_registry.py,474,'except' clause does nothing but pass and there is no explanatory comment.,,recommendation,high,external/cwe/cwe-390,production,internet_facing_api,production,QUALITY_TECHNICAL_DEBT,Broad empty except; no demonstrated production failure or security fail-open.,no,n/a,accepted_debt,still_present_exact_line
79f235a0c93d757b,py/empty-except,bd_platform/slippage_tolerance_optimizer.py,65,'except' clause does nothing but pass and there is no explanatory comment.,,recommendation,high,external/cwe/cwe-390,production,internet_facing_api,production,QUALITY_TECHNICAL_DEBT,Broad empty except; no demonstrated production failure or security fail-open.,no,n/a,accepted_debt,still_present_exact_line
41aa04f01f870a89,py/empty-except,bd_platform/slippage_tolerance_optimizer.py,77,'except' clause does nothing but pass and there is no explanatory comment.,,recommendation,high,external/cwe/cwe-390,production,internet_facing_api,production,QUALITY_TECHNICAL_DEBT,Broad empty except; no demonstrated production failure or security fail-open.,no,n/a,accepted_debt,still_present_exact_line
e6724cd87475fd9f,py/empty-except,bd_platform/slippage_tolerance_optimizer.py,99,'except' clause does nothing but pass and there is no explanatory comment.,,recommendation,high,external/cwe/cwe-390,production,internet_facing_api,production,QUALITY_TECHNICAL_DEBT,Broad empty except; no demonstrated production failure or security fail-open.,no,n/a,accepted_debt,still_present_exact_line
84a544a60898fd61,py/empty-except,bd_platform/sse_stream.py,39,'except' clause does nothing but pass and there is no explanatory comment.,,recommendation,high,external/cwe/cwe-390,production,internet_facing_api,production,QUALITY_TECHNICAL_DEBT,Broad empty except; no demonstrated production failure or security fail-open.,no,n/a,accepted_debt,still_present_exact_line
8eedaf094849b9f3,py/empty-except,stealth_execution_advisor.py,52,'except' clause does nothing but pass and there is no explanatory comment.,,recommendation,high,external/cwe/cwe-390,production,internet_facing_api,production,QUALITY_TECHNICAL_DEBT,Empty except in sensitive path reviewed; intentional swallow with outer fail-closed or non-critical auxiliary path.,no,n/a,accepted_debt,still_present_exact_line
d27dcb31291f5fed,py/empty-except,governance/storage_governance.py,35,'except' clause does nothing but pass and there is no explanatory comment.,,recommendation,high,external/cwe/cwe-390,production,internet_facing_api,production,QUALITY_TECHNICAL_DEBT,Empty except in sensitive path reviewed; intentional swallow with outer fail-closed or non-critical auxiliary path.,no,n/a,accepted_debt,still_present_exact_line
3af9885fc5fb3806,py/empty-except,billing/subscription_engine.py,675,'except' clause does nothing but pass and there is no explanatory comment.,,recommendation,high,external/cwe/cwe-390,production,internet_facing_api,production,QUALITY_TECHNICAL_DEBT,Empty except in sensitive path reviewed; intentional swallow with outer fail-closed or non-critical auxiliary path.,no,n/a,accepted_debt,still_present_exact_line
5900e478a4da3f11,py/empty-except,governance/temporal_governance.py,16,'except' clause does nothing but pass and there is no explanatory comment.,,recommendation,high,external/cwe/cwe-390,production,internet_facing_api,production,QUALITY_TECHNICAL_DEBT,Empty except in sensitive path reviewed; intentional swallow with outer fail-closed or non-critical auxiliary path.,no,n/a,accepted_debt,still_present_exact_line
481189af22134414,py/empty-except,governance/temporal_governance.py,22,'except' clause does nothing but pass and there is no explanatory comment.,,recommendation,high,external/cwe/cwe-390,production,internet_facing_api,production,QUALITY_TECHNICAL_DEBT,Empty except in sensitive path reviewed; intentional swallow with outer fail-closed or non-critical auxiliary path.,no,n/a,accepted_debt,still_present_exact_line
2a4e0c6dae06e52d,py/empty-except,governance/temporal_governance.py,28,'except' clause does nothing but pass and there is no explanatory comment.,,recommendation,high,external/cwe/cwe-390,production,internet_facing_api,production,QUALITY_TECHNICAL_DEBT,Empty except in sensitive path reviewed; intentional swallow with outer fail-closed or non-critical auxiliary path.,no,n/a,accepted_debt,still_present_exact_line
a87af5db190f0ab7,py/empty-except,tests/test_site_companion_services.py,52,'except' clause does nothing but pass and there is no explanatory comment.,,recommendation,high,external/cwe/cwe-390,test,test_harness,test,QUALITY_TECHNICAL_DEBT,Broad empty except; no demonstrated production failure or security fail-open.,no,n/a,accepted_debt,still_present_exact_line
36300a19d06d0d9e,py/empty-except,ml/train_regime_models.py,51,'except' clause does nothing but pass and there is no explanatory comment.,,recommendation,high,external/cwe/cwe-390,production,internet_facing_api,production,QUALITY_TECHNICAL_DEBT,Broad empty except; no demonstrated production failure or security fail-open.,no,n/a,accepted_debt,still_present_exact_line
b21b61cebed43f30,py/empty-except,trust_pulse.py,572,'except' clause does nothing but pass and there is no explanatory comment.,,recommendation,high,external/cwe/cwe-390,production,internet_facing_api,production,QUALITY_TECHNICAL_DEBT,Broad empty except; no demonstrated production failure or security fail-open.,no,n/a,accepted_debt,still_present_exact_line
400d3b47cc3615c5,py/empty-except,user_exposure_log.py,38,'except' clause does nothing but pass and there is no explanatory comment.,,recommendation,high,external/cwe/cwe-390,production,internet_facing_api,production,QUALITY_TECHNICAL_DEBT,Broad empty except; no demonstrated production failure or security fail-open.,no,n/a,accepted_debt,still_present_exact_line
2af488d842369110,py/empty-except,cap646/v6_true_institutional_dod.py,109,'except' clause does nothing but pass and there is no explanatory comment.,,recommendation,high,external/cwe/cwe-390,production,internet_facing_api,production,QUALITY_TECHNICAL_DEBT,Broad empty except; no demonstrated production failure or security fail-open.,no,n/a,accepted_debt,still_present_exact_line
aaae86884a5622d7,py/empty-except,cap646/v6_true_institutional_dod.py,116,'except' clause does nothing but pass and there is no explanatory comment.,,recommendation,high,external/cwe/cwe-390,production,internet_facing_api,production,QUALITY_TECHNICAL_DEBT,Broad empty except; no demonstrated production failure or security fail-open.,no,n/a,accepted_debt,still_present_exact_line
05740224926c0c18,py/empty-except,viral_capacity.py,108,'except' clause does nothing but pass and there is no explanatory comment.,,recommendation,high,external/cwe/cwe-390,production,internet_facing_api,production,QUALITY_TECHNICAL_DEBT,Broad empty except; no demonstrated production failure or security fail-open.,no,n/a,accepted_debt,still_present_exact_line
35001a326f861f6b,py/empty-except,voice_service.py,102,'except' clause does nothing but pass and there is no explanatory comment.,,recommendation,high,external/cwe/cwe-390,production,internet_facing_api,production,QUALITY_TECHNICAL_DEBT,Broad empty except; no demonstrated production failure or security fail-open.,no,n/a,accepted_debt,still_present_exact_line
bfc7e5e952579bca,py/empty-except,wave_00_hardening.py,132,'except' clause does nothing but pass and there is no explanatory comment.,,recommendation,high,external/cwe/cwe-390,production,internet_facing_api,production,QUALITY_TECHNICAL_DEBT,Broad empty except; no demonstrated production failure or security fail-open.,no,n/a,accepted_debt,still_present_exact_line
2f86be112d7f5b23,py/empty-except,whale_signal_classifier.py,132,'except' clause does nothing but pass and there is no explanatory comment.,,recommendation,high,external/cwe/cwe-390,production,internet_facing_api,production,QUALITY_TECHNICAL_DEBT,Broad empty except; no demonstrated production failure or security fail-open.,no,n/a,accepted_debt,still_present_exact_line
1f230cbdea5d325f,py/empty-except,whale_signal_classifier.py,136,'except' clause does nothing but pass and there is no explanatory comment.,,recommendation,high,external/cwe/cwe-390,production,internet_facing_api,production,QUALITY_TECHNICAL_DEBT,Broad empty except; no demonstrated production failure or security fail-open.,no,n/a,accepted_debt,still_present_exact_line
c4ffb55bcff60cc5,py/empty-except,bd_platform/whales_institutional_layer.py,192,'except' clause does nothing but pass and there is no explanatory comment.,,recommendation,high,external/cwe/cwe-390,production,internet_facing_api,production,QUALITY_TECHNICAL_DEBT,Broad empty except; no demonstrated production failure or security fail-open.,no,n/a,accepted_debt,still_present_exact_line
f0514949701b5995,py/empty-except,bd_platform/whales_institutional_layer.py,215,'except' clause does nothing but pass and there is no explanatory comment.,,recommendation,high,external/cwe/cwe-390,production,internet_facing_api,production,QUALITY_TECHNICAL_DEBT,Broad empty except; no demonstrated production failure or security fail-open.,no,n/a,accepted_debt,still_present_exact_line
2720d974ff150979,py/empty-except,bd_platform/whales_institutional_layer.py,221,'except' clause does nothing but pass and there is no explanatory comment.,,recommendation,high,external/cwe/cwe-390,production,internet_facing_api,production,QUALITY_TECHNICAL_DEBT,Broad empty except; no demonstrated production failure or security fail-open.,no,n/a,accepted_debt,still_present_exact_line
3ef022770575a254,py/redundant-comparison,bd_platform/slippage_tolerance_optimizer.py,251,"Test is always true, because of [this condition](1).",,warning,high,"external/cwe/cwe-561,external/cwe/cwe-570,external/cwe/cwe-571",production,internet_facing_api,production,QUALITY_TECHNICAL_DEBT,Stylistic/architectural finding without proven runtime/security impact.,no,n/a,accepted_debt,still_present_exact_line
718c80d0ba28b66a,py/redundant-comparison,billing/subscription_engine.py,704,"Test is always false, because of [this condition](1).",,warning,high,"external/cwe/cwe-561,external/cwe/cwe-570,external/cwe/cwe-571",production,internet_facing_api,production,QUALITY_TECHNICAL_DEBT,Stylistic/architectural finding without proven runtime/security impact.,no,n/a,accepted_debt,still_present_exact_line
9df37b4c4a77cf6c,py/duplicate-key-dict-literal,cap646/backend_registry.py,206,Dictionary key 'graphql_schema.py' is subsequently [overwritten](1).,,warning,very-high,external/cwe/cwe-561,production,internet_facing_api,production,QUALITY_TECHNICAL_DEBT,Stylistic/architectural finding without proven runtime/security impact.,no,n/a,accepted_debt,still_present_exact_line
c3a5868c3ba9554a,py/duplicate-key-dict-literal,scripts/verify_entitlement_batch02_gateway_proof.py,60,Dictionary key '55_overlap_batch01' is subsequently [overwritten](1).,,warning,very-high,external/cwe/cwe-561,operator_cli,operator_local,operator_cli,QUALITY_TECHNICAL_DEBT,Stylistic/architectural finding without proven runtime/security impact.,no,n/a,accepted_debt,still_present_exact_line
122de58702eba784,py/unnecessary-lambda,scripts/dd_gate_bootstrap.py,668,This 'lambda' is just a simple wrapper around a callable object. Use that object directly.,,recommendation,high,,operator_cli,operator_local,operator_cli,QUALITY_TECHNICAL_DEBT,Stylistic/architectural finding without proven runtime/security impact.,no,n/a,accepted_debt,still_present_exact_line
ffc3e422c941d174,py/unnecessary-lambda,tests/test_sonar_new_coverage_closure.py,630,This 'lambda' is just a simple wrapper around a callable object. Use that object directly.,,recommendation,high,,test,test_harness,test,QUALITY_TECHNICAL_DEBT,Stylistic/architectural finding without proven runtime/security impact.,no,n/a,accepted_debt,still_present_exact_line
e0608337581fe06a,py/cyclic-import,acquirer_evidence_pack.py,112,Import of module [corpus_passport](1) begins an import cycle.,,recommendation,high,,production,internet_facing_api,production,QUALITY_TECHNICAL_DEBT,Stylistic/architectural finding without proven runtime/security impact.,no,n/a,accepted_debt,still_present_exact_line
6f7103ec6fb71b5a,py/cyclic-import,admin_mfa.py,35,Import of module [mfa_service](1) begins an import cycle.,,recommendation,high,,production,internet_facing_api,production,QUALITY_TECHNICAL_DEBT,Stylistic/architectural finding without proven runtime/security impact.,no,n/a,accepted_debt,still_present_exact_line
f2da2ac9cde1d5b1,py/cyclic-import,admin_mfa.py,47,Import of module [mfa_service](1) begins an import cycle.,,recommendation,high,,production,internet_facing_api,production,QUALITY_TECHNICAL_DEBT,Stylistic/architectural finding without proven runtime/security impact.,no,n/a,accepted_debt,still_present_exact_line
6aa68f5b0918b4da,py/cyclic-import,bd_platform/advanced_ta_risk_layer.py,573,Import of module [bd_platform.retail_intelligence_layer](1) begins an import cycle.,,recommendation,high,,production,internet_facing_api,production,QUALITY_TECHNICAL_DEBT,Stylistic/architectural finding without proven runtime/security impact.,no,n/a,accepted_debt,still_present_exact_line
cd338bb05bce3356,py/cyclic-import,bd_platform/advanced_ta_risk_layer.py,667,Import of module [bd_platform.institutional_b2b_layer](1) begins an import cycle.,,recommendation,high,,production,internet_facing_api,production,QUALITY_TECHNICAL_DEBT,Stylistic/architectural finding without proven runtime/security impact.,no,n/a,accepted_debt,still_present_exact_line
bb6d454fda0d3e10,py/cyclic-import,bd_platform/advanced_ta_risk_layer.py,668,Import of module [bd_platform.pro_trader_layer](1) begins an import cycle.,,recommendation,high,,production,internet_facing_api,production,QUALITY_TECHNICAL_DEBT,Stylistic/architectural finding without proven runtime/security impact.,no,n/a,accepted_debt,still_present_exact_line
17d805b4ecc41b09,py/cyclic-import,bd_platform/advanced_ta_risk_layer.py,669,Import of module [bd_platform.whales_institutional_layer](1) begins an import cycle.,,recommendation,high,,production,internet_facing_api,production,QUALITY_TECHNICAL_DEBT,Stylistic/architectural finding without proven runtime/security impact.,no,n/a,accepted_debt,still_present_exact_line
0c6d561c13fab222,py/cyclic-import,aggregator.py,21,Import of module [config](1) begins an import cycle.,,recommendation,high,,production,internet_facing_api,production,QUALITY_TECHNICAL_DEBT,Stylistic/architectural finding without proven runtime/security impact.,no,n/a,accepted_debt,still_present_exact_line
be9157fe785dbe9c,py/cyclic-import,aggregator.py,22,Import of module [exchange_adapters](1) begins an import cycle.,,recommendation,high,,production,internet_facing_api,production,QUALITY_TECHNICAL_DEBT,Stylistic/architectural finding without proven runtime/security impact.,no,n/a,accepted_debt,still_present_exact_line
66cc4e8bafdbee4d,py/cyclic-import,aggregator.py,23,Import of module [hot_storage](1) begins an import cycle.,,recommendation,high,,production,internet_facing_api,production,QUALITY_TECHNICAL_DEBT,Stylistic/architectural finding without proven runtime/security impact.,no,n/a,accepted_debt,still_present_exact_line
b5d042060fdfbc85,py/cyclic-import,aggregator.py,29,Import of module [liquidity_discovery](1) begins an import cycle.,,recommendation,high,,production,internet_facing_api,production,QUALITY_TECHNICAL_DEBT,Stylistic/architectural finding without proven runtime/security impact.,no,n/a,accepted_debt,still_present_exact_line
68cd20ed7e1d803d,py/cyclic-import,aggregator.py,800,Import of module [market_fetcher_hub](1) begins an import cycle.,,recommendation,high,,production,internet_facing_api,production,QUALITY_TECHNICAL_DEBT,Stylistic/architectural finding without proven runtime/security impact.,no,n/a,accepted_debt,still_present_exact_line
56d96d72ca750aaf,py/cyclic-import,alert_service.py,123,Import of module [database](1) begins an import cycle.,,recommendation,high,,production,internet_facing_api,production,QUALITY_TECHNICAL_DEBT,Stylistic/architectural finding without proven runtime/security impact.,no,n/a,accepted_debt,still_present_exact_line
2f93566a9f69190d,py/cyclic-import,alert_service.py,201,Import of module [database](1) begins an import cycle.,,recommendation,high,,production,internet_facing_api,production,QUALITY_TECHNICAL_DEBT,Stylistic/architectural finding without proven runtime/security impact.,no,n/a,accepted_debt,still_present_exact_line
2da5f16496611608,py/cyclic-import,bd_platform/arbitrage_portfolio_ux_layer.py,179,Import of module [bd_platform.retail_intelligence_layer](1) begins an import cycle.,,recommendation,high,,production,internet_facing_api,production,QUALITY_TECHNICAL_DEBT,Stylistic/architectural finding without proven runtime/security impact.,no,n/a,accepted_debt,still_present_exact_line
c027d22a564bf19b,py/cyclic-import,bd_platform/arbitrage_portfolio_ux_layer.py,185,Import of module [bd_platform.pro_trader_layer](1) begins an import cycle.,,recommendation,high,,production,internet_facing_api,production,QUALITY_TECHNICAL_DEBT,Stylistic/architectural finding without proven runtime/security impact.,no,n/a,accepted_debt,still_present_exact_line
c71c96861b54e9a3,py/cyclic-import,bd_platform/arbitrage_portfolio_ux_layer.py,194,Import of module [bd_platform.intelligence_ux_extensions_layer](1) begins an import cycle.,,recommendation,high,,production,internet_facing_api,production,QUALITY_TECHNICAL_DEBT,Stylistic/architectural finding without proven runtime/security impact.,no,n/a,accepted_debt,still_present_exact_line
f2596dc3bb286448,py/cyclic-import,bd_platform/arbitrage_portfolio_ux_layer.py,573,Import of module [bd_platform.onchain_defi_sources_layer](1) begins an import cycle.,,recommendation,high,,production,internet_facing_api,production,QUALITY_TECHNICAL_DEBT,Stylistic/architectural finding without proven runtime/security impact.,no,n/a,accepted_debt,still_present_exact_line
a01afdff7698a15f,py/cyclic-import,bd_platform/arbitrage_portfolio_ux_layer.py,579,Import of module [bd_platform.intelligence_ux_extensions_layer](1) begins an import cycle.,,recommendation,high,,production,internet_facing_api,production,QUALITY_TECHNICAL_DEBT,Stylistic/architectural finding without proven runtime/security impact.,no,n/a,accepted_debt,still_present_exact_line
2bf9397061d4aff6,py/cyclic-import,bd_platform/arbitrage_portfolio_ux_layer.py,626,Import of module [bd_platform.intelligence_analysis_layer](1) begins an import cycle.,,recommendation,high,,production,internet_facing_api,production,QUALITY_TECHNICAL_DEBT,Stylistic/architectural finding without proven runtime/security impact.,no,n/a,accepted_debt,still_present_exact_line
44d4835ee74ef425,py/cyclic-import,bd_platform/arbitrage_portfolio_ux_layer.py,634,Import of module [bd_platform.whales_institutional_layer](1) begins an import cycle.,,recommendation,high,,production,internet_facing_api,production,QUALITY_TECHNICAL_DEBT,Stylistic/architectural finding without proven runtime/security impact.,no,n/a,accepted_debt,still_present_exact_line
5bc9ad6fdab8ac8c,py/cyclic-import,arbitrage_service.py,918,Import of module [scan_coordinator](1) begins an import cycle.,,recommendation,high,,production,internet_facing_api,production,QUALITY_TECHNICAL_DEBT,Stylistic/architectural finding without proven runtime/security impact.,no,n/a,accepted_debt,still_present_exact_line
69826005e46278fa,py/cyclic-import,audience_routing.py,84,Import of module [trust_os_lenses](1) begins an import cycle.,,recommendation,high,,production,internet_facing_api,production,QUALITY_TECHNICAL_DEBT,Stylistic/architectural finding without proven runtime/security impact.,no,n/a,accepted_debt,still_present_exact_line
80fd08d47c674117,py/cyclic-import,billing/audit_ledger.py,35,Import of module [database](1) begins an import cycle.,,recommendation,high,,production,internet_facing_api,production,QUALITY_TECHNICAL_DEBT,Stylistic/architectural finding without proven runtime/security impact.,no,n/a,accepted_debt,still_present_near_line_37
d2d4e67a0e9cecca,py/cyclic-import,billing/audit_ledger.py,79,Import of module [database](1) begins an import cycle.,,recommendation,high,,production,internet_facing_api,production,QUALITY_TECHNICAL_DEBT,Stylistic/architectural finding without proven runtime/security impact.,no,n/a,accepted_debt,still_present_near_line_81
4a692ad27eba5168,py/cyclic-import,audit_registry.py,298,Import of module [knowledge_graph](1) begins an import cycle.,,recommendation,high,,production,internet_facing_api,production,QUALITY_TECHNICAL_DEBT,Stylistic/architectural finding without proven runtime/security impact.,no,n/a,accepted_debt,absent_from_final_sarif
54fa75cfc2d81030,py/cyclic-import,auth_service.py,224,Import of module [database](1) begins an import cycle.,,recommendation,high,,production,internet_facing_api,production,QUALITY_TECHNICAL_DEBT,Stylistic/architectural finding without proven runtime/security impact.,no,n/a,accepted_debt,still_present_exact_line
552dfa71aac9a472,py/cyclic-import,auth_service.py,225,Import of module [billing.subscription_engine](1) begins an import cycle.,,recommendation,high,,production,internet_facing_api,production,QUALITY_TECHNICAL_DEBT,Stylistic/architectural finding without proven runtime/security impact.,no,n/a,accepted_debt,still_present_exact_line
86702c4cb51f135c,py/cyclic-import,auth_service.py,226,Import of module [billing.subscription_store](1) begins an import cycle.,,recommendation,high,,production,internet_facing_api,production,QUALITY_TECHNICAL_DEBT,Stylistic/architectural finding without proven runtime/security impact.,no,n/a,accepted_debt,still_present_exact_line
ece816a189244959,py/cyclic-import,auth_service.py,248,Import of module [database](1) begins an import cycle.,,recommendation,high,,production,internet_facing_api,production,QUALITY_TECHNICAL_DEBT,Stylistic/architectural finding without proven runtime/security impact.,no,n/a,accepted_debt,still_present_exact_line
ba989bcc593059ec,py/cyclic-import,auth_service.py,249,Import of module [billing.subscription_engine](1) begins an import cycle.,,recommendation,high,,production,internet_facing_api,production,QUALITY_TECHNICAL_DEBT,Stylistic/architectural finding without proven runtime/security impact.,no,n/a,accepted_debt,still_present_exact_line
f0534abbdfc95aed,py/cyclic-import,auth_service.py,250,Import of module [identity_service](1) begins an import cycle.,,recommendation,high,,production,internet_facing_api,production,QUALITY_TECHNICAL_DEBT,Stylistic/architectural finding without proven runtime/security impact.,no,n/a,accepted_debt,still_present_exact_line
74f2f26d8392d7c4,py/cyclic-import,auth_service.py,394,Import of module [database](1) begins an import cycle.,,recommendation,high,,production,internet_facing_api,production,QUALITY_TECHNICAL_DEBT,Stylistic/architectural finding without proven runtime/security impact.,no,n/a,accepted_debt,still_present_exact_line
a71b2f12954dc4b5,py/cyclic-import,auth_service.py,395,Import of module [security_auth](1) begins an import cycle.,,recommendation,high,,production,internet_facing_api,production,QUALITY_TECHNICAL_DEBT,Stylistic/architectural finding without proven runtime/security impact.,no,n/a,accepted_debt,still_present_exact_line
a4851518b38ffb1d,py/cyclic-import,auth_service.py,435,Import of module [database](1) begins an import cycle.,,recommendation,high,,production,internet_facing_api,production,QUALITY_TECHNICAL_DEBT,Stylistic/architectural finding without proven runtime/security impact.,no,n/a,accepted_debt,still_present_exact_line
3dbe138859def151,py/cyclic-import,auth_service.py,436,Import of module [mfa_service](1) begins an import cycle.,,recommendation,high,,production,internet_facing_api,production,QUALITY_TECHNICAL_DEBT,Stylistic/architectural finding without proven runtime/security impact.,no,n/a,accepted_debt,still_present_exact_line
ef21de8317e4baef,py/cyclic-import,auth_service.py,437,Import of module [security_auth](1) begins an import cycle.,,recommendation,high,,production,internet_facing_api,production,QUALITY_TECHNICAL_DEBT,Stylistic/architectural finding without proven runtime/security impact.,no,n/a,accepted_debt,still_present_exact_line
00fb2a66849aead3,py/cyclic-import,auth_service.py,461,Import of module [database](1) begins an import cycle.,,recommendation,high,,production,internet_facing_api,production,QUALITY_TECHNICAL_DEBT,Stylistic/architectural finding without proven runtime/security impact.,no,n/a,accepted_debt,still_present_exact_line
7826a140aced8e91,py/cyclic-import,auth_service.py,462,Import of module [security_auth](1) begins an import cycle.,,recommendation,high,,production,internet_facing_api,production,QUALITY_TECHNICAL_DEBT,Stylistic/architectural finding without proven runtime/security impact.,no,n/a,accepted_debt,still_present_exact_line
56caf403638ce9a1,py/cyclic-import,auth_service.py,478,Import of module [database](1) begins an import cycle.,,recommendation,high,,production,internet_facing_api,production,QUALITY_TECHNICAL_DEBT,Stylistic/architectural finding without proven runtime/security impact.,no,n/a,accepted_debt,still_present_exact_line
bf9f32a5617d7031,py/cyclic-import,auth_service.py,479,Import of module [security_auth](1) begins an import cycle.,,recommendation,high,,production,internet_facing_api,production,QUALITY_TECHNICAL_DEBT,Stylistic/architectural finding without proven runtime/security impact.,no,n/a,accepted_debt,still_present_exact_line
6027a812cc98e582,py/cyclic-import,auth_service.py,495,Import of module [database](1) begins an import cycle.,,recommendation,high,,production,internet_facing_api,production,QUALITY_TECHNICAL_DEBT,Stylistic/architectural finding without proven runtime/security impact.,no,n/a,accepted_debt,still_present_exact_line
8d3a8ae5cd8d99b0,py/cyclic-import,auth_service.py,496,Import of module [security_auth](1) begins an import cycle.,,recommendation,high,,production,internet_facing_api,production,QUALITY_TECHNICAL_DEBT,Stylistic/architectural finding without proven runtime/security impact.,no,n/a,accepted_debt,still_present_exact_line
704166a312eb94f6,py/cyclic-import,auth_service.py,534,Import of module [database](1) begins an import cycle.,,recommendation,high,,production,internet_facing_api,production,QUALITY_TECHNICAL_DEBT,Stylistic/architectural finding without proven runtime/security impact.,no,n/a,accepted_debt,still_present_exact_line
1af8c3d4058d4053,py/cyclic-import,auth_service.py,574,Import of module [config](1) begins an import cycle.,,recommendation,high,,production,internet_facing_api,production,QUALITY_TECHNICAL_DEBT,Stylistic/architectural finding without proven runtime/security impact.,no,n/a,accepted_debt,still_present_exact_line
fae22fd1f1ea3d15,py/cyclic-import,auth_service.py,575,Import of module [database](1) begins an import cycle.,,recommendation,high,,production,internet_facing_api,production,QUALITY_TECHNICAL_DEBT,Stylistic/architectural finding without proven runtime/security impact.,no,n/a,accepted_debt,still_present_exact_line
4027b1bd996421e5,py/cyclic-import,cap646/backend_executor.py,9,Import of module [cap646.backend_registry](1) begins an import cycle.,,recommendation,high,,production,internet_facing_api,production,QUALITY_TECHNICAL_DEBT,Stylistic/architectural finding without proven runtime/security impact.,no,n/a,accepted_debt,still_present_exact_line
4025c2be8120edc1,py/cyclic-import,cap646/backend_registry.py,84,Import of module [cap646.batch01_production](1) begins an import cycle.,,recommendation,high,,production,internet_facing_api,production,QUALITY_TECHNICAL_DEBT,Stylistic/architectural finding without proven runtime/security impact.,no,n/a,accepted_debt,still_present_exact_line
65c00f2308aecfa3,py/cyclic-import,cap646/backend_registry.py,105,Import of module [cap646.batch02_production](1) begins an import cycle.,,recommendation,high,,production,internet_facing_api,production,QUALITY_TECHNICAL_DEBT,Stylistic/architectural finding without proven runtime/security impact.,no,n/a,accepted_debt,still_present_exact_line
440d2bce654e5f4a,py/cyclic-import,cap646/backend_registry.py,126,Import of module [cap646.batch03_production](1) begins an import cycle.,,recommendation,high,,production,internet_facing_api,production,QUALITY_TECHNICAL_DEBT,Stylistic/architectural finding without proven runtime/security impact.,no,n/a,accepted_debt,still_present_exact_line
520c870a85f71fb4,py/cyclic-import,cap646/backend_registry.py,151,Import of module [cap646.batch_range_production](1) begins an import cycle.,,recommendation,high,,production,internet_facing_api,production,QUALITY_TECHNICAL_DEBT,Stylistic/architectural finding without proven runtime/security impact.,no,n/a,accepted_debt,still_present_exact_line
5bc88b561a2ea4a6,py/cyclic-import,cap646/backend_registry.py,425,Import of module [cap646.batch_range_production](1) begins an import cycle.,,recommendation,high,,production,internet_facing_api,production,QUALITY_TECHNICAL_DEBT,Stylistic/architectural finding without proven runtime/security impact.,no,n/a,accepted_debt,still_present_exact_line
02fbc5fe685dc19b,py/cyclic-import,cap646/backend_registry.py,440,Import of module [cap646.batch01_production](1) begins an import cycle.,,recommendation,high,,production,internet_facing_api,production,QUALITY_TECHNICAL_DEBT,Stylistic/architectural finding without proven runtime/security impact.,no,n/a,accepted_debt,still_present_exact_line
e88d88e61e901d6c,py/cyclic-import,cap646/backend_registry.py,465,Import of module [cap646.batch01_production](1) begins an import cycle.,,recommendation,high,,production,internet_facing_api,production,QUALITY_TECHNICAL_DEBT,Stylistic/architectural finding without proven runtime/security impact.,no,n/a,accepted_debt,still_present_exact_line
5a7c410fe5270cf0,py/cyclic-import,cap646/backend_registry.py,466,Import of module [cap646.batch02_production](1) begins an import cycle.,,recommendation,high,,production,internet_facing_api,production,QUALITY_TECHNICAL_DEBT,Stylistic/architectural finding without proven runtime/security impact.,no,n/a,accepted_debt,still_present_exact_line
01112bd19ce7349e,py/cyclic-import,cap646/backend_registry.py,467,Import of module [cap646.batch03_production](1) begins an import cycle.,,recommendation,high,,production,internet_facing_api,production,QUALITY_TECHNICAL_DEBT,Stylistic/architectural finding without proven runtime/security impact.,no,n/a,accepted_debt,still_present_exact_line
85143fc6daa6ace4,py/cyclic-import,cap646/backend_registry.py,469,Import of module [cap646.official_batch_production](1) begins an import cycle.,,recommendation,high,,production,internet_facing_api,production,QUALITY_TECHNICAL_DEBT,Stylistic/architectural finding without proven runtime/security impact.,no,n/a,accepted_debt,still_present_exact_line
29df0804c3954060,py/cyclic-import,cap646/backend_registry.py,494,Import of module [cap646.batch01_production](1) begins an import cycle.,,recommendation,high,,production,internet_facing_api,production,QUALITY_TECHNICAL_DEBT,Stylistic/architectural finding without proven runtime/security impact.,no,n/a,accepted_debt,still_present_exact_line
2c998f3ef5c1eb17,py/cyclic-import,cap646/backend_registry.py,495,Import of module [cap646.batch02_production](1) begins an import cycle.,,recommendation,high,,production,internet_facing_api,production,QUALITY_TECHNICAL_DEBT,Stylistic/architectural finding without proven runtime/security impact.,no,n/a,accepted_debt,still_present_exact_line
06734c857f1700ee,py/cyclic-import,cap646/backend_registry.py,496,Import of module [cap646.batch03_production](1) begins an import cycle.,,recommendation,high,,production,internet_facing_api,production,QUALITY_TECHNICAL_DEBT,Stylistic/architectural finding without proven runtime/security impact.,no,n/a,accepted_debt,still_present_exact_line
0bd062f6fb03dd4e,py/cyclic-import,cap646/backend_registry.py,545,Import of module [cap978.extension_registry](1) begins an import cycle.,,recommendation,high,,production,internet_facing_api,production,QUALITY_TECHNICAL_DEBT,Stylistic/architectural finding without proven runtime/security impact.,no,n/a,accepted_debt,still_present_exact_line
ef9330896f75f28e,py/cyclic-import,cap646/backend_registry.py,560,Import of module [cap978.extension_registry](1) begins an import cycle.,,recommendation,high,,production,internet_facing_api,production,QUALITY_TECHNICAL_DEBT,Stylistic/architectural finding without proven runtime/security impact.,no,n/a,accepted_debt,still_present_exact_line
39fe030dd1ac08a6,py/cyclic-import,cap646/batch01_closure_spec.py,5,Import of module [cap646.batch01_dedicated](1) begins an import cycle.,,recommendation,high,,production,internet_facing_api,production,QUALITY_TECHNICAL_DEBT,Stylistic/architectural finding without proven runtime/security impact.,no,n/a,accepted_debt,still_present_exact_line
3d2c40d3c589470b,py/cyclic-import,cap646/batch01_dedicated.py,11,Import of module [cap646.dedicated_common](1) begins an import cycle.,,recommendation,high,,production,internet_facing_api,production,QUALITY_TECHNICAL_DEBT,Stylistic/architectural finding without proven runtime/security impact.,no,n/a,accepted_debt,still_present_exact_line
ce6ba29edd21dae3,py/cyclic-import,cap646/batch01_production.py,48,Import of module [cap646.batch01_dedicated](1) begins an import cycle.,,recommendation,high,,production,internet_facing_api,production,QUALITY_TECHNICAL_DEBT,Stylistic/architectural finding without proven runtime/security impact.,no,n/a,accepted_debt,still_present_exact_line
9e28d7e1d8163b5f,py/cyclic-import,cap646/batch01_production.py,75,Import of module [cap646.batch01_dedicated](1) begins an import cycle.,,recommendation,high,,production,internet_facing_api,production,QUALITY_TECHNICAL_DEBT,Stylistic/architectural finding without proven runtime/security impact.,no,n/a,accepted_debt,still_present_exact_line
6531965ae14fcfd6,py/cyclic-import,cap646/batch01_production.py,112,Import of module [cap646.handlers.onchain](1) begins an import cycle.,,recommendation,high,,production,internet_facing_api,production,QUALITY_TECHNICAL_DEBT,Stylistic/architectural finding without proven runtime/security impact.,no,n/a,accepted_debt,still_present_exact_line
ed13c3456945722b,py/cyclic-import,cap646/batch02_closure_spec.py,5,Import of module [cap646.batch02_official_production](1) begins an import cycle.,,recommendation,high,,production,internet_facing_api,production,QUALITY_TECHNICAL_DEBT,Stylistic/architectural finding without proven runtime/security impact.,no,n/a,accepted_debt,still_present_exact_line
573ebe2b91ac8af8,py/cyclic-import,cap646/batch02_dedicated.py,11,Import of module [cap646.dedicated_common](1) begins an import cycle.,,recommendation,high,,production,internet_facing_api,production,QUALITY_TECHNICAL_DEBT,Stylistic/architectural finding without proven runtime/security impact.,no,n/a,accepted_debt,still_present_exact_line
23871be4899bb66d,py/cyclic-import,cap646/batch02_dedicated.py,12,Import of module [cap646.dedicated_common](1) begins an import cycle.,,recommendation,high,,production,internet_facing_api,production,QUALITY_TECHNICAL_DEBT,Stylistic/architectural finding without proven runtime/security impact.,no,n/a,accepted_debt,still_present_exact_line
6206db54e93706ee,py/cyclic-import,cap646/batch02_dedicated.py,13,Import of module [cap646.dedicated_common](1) begins an import cycle.,,recommendation,high,,production,internet_facing_api,production,QUALITY_TECHNICAL_DEBT,Stylistic/architectural finding without proven runtime/security impact.,no,n/a,accepted_debt,still_present_exact_line
b1c415fa72e92b0b,py/cyclic-import,cap646/batch02_dedicated.py,14,Import of module [cap646.dedicated_common](1) begins an import cycle.,,recommendation,high,,production,internet_facing_api,production,QUALITY_TECHNICAL_DEBT,Stylistic/architectural finding without proven runtime/security impact.,no,n/a,accepted_debt,still_present_exact_line
cc738d0ab06fcf99,py/cyclic-import,cap646/batch02_dedicated.py,15,Import of module [cap646.dedicated_common](1) begins an import cycle.,,recommendation,high,,production,internet_facing_api,production,QUALITY_TECHNICAL_DEBT,Stylistic/architectural finding without proven runtime/security impact.,no,n/a,accepted_debt,still_present_exact_line
6c78c851cedda22a,py/cyclic-import,cap646/batch02_official_production.py,7,Import of module [cap646.batch01_dedicated](1) begins an import cycle.,,recommendation,high,,production,internet_facing_api,production,QUALITY_TECHNICAL_DEBT,Stylistic/architectural finding without proven runtime/security impact.,no,n/a,accepted_debt,still_present_exact_line
837be50a9d2dc6fc,py/cyclic-import,cap646/batch02_production.py,15,Import of module [cap646.batch02_dedicated](1) begins an import cycle.,,recommendation,high,,production,internet_facing_api,production,QUALITY_TECHNICAL_DEBT,Stylistic/architectural finding without proven runtime/security impact.,no,n/a,accepted_debt,still_present_exact_line
6bba506964662fc9,py/cyclic-import,cap646/batch02_production.py,48,Import of module [cap646.batch02_dedicated](1) begins an import cycle.,,recommendation,high,,production,internet_facing_api,production,QUALITY_TECHNICAL_DEBT,Stylistic/architectural finding without proven runtime/security impact.,no,n/a,accepted_debt,still_present_exact_line
877e0b6f716501f5,py/cyclic-import,cap646/batch03_dedicated.py,12,Import of module [cap646.dedicated_common](1) begins an import cycle.,,recommendation,high,,production,internet_facing_api,production,QUALITY_TECHNICAL_DEBT,Stylistic/architectural finding without proven runtime/security impact.,no,n/a,accepted_debt,still_present_exact_line
b3ac88c71edb65fa,py/cyclic-import,cap646/batch03_dedicated.py,13,Import of module [cap646.dedicated_common](1) begins an import cycle.,,recommendation,high,,production,internet_facing_api,production,QUALITY_TECHNICAL_DEBT,Stylistic/architectural finding without proven runtime/security impact.,no,n/a,accepted_debt,still_present_exact_line
0bb8344a3997250b,py/cyclic-import,cap646/batch03_dedicated.py,14,Import of module [cap646.dedicated_common](1) begins an import cycle.,,recommendation,high,,production,internet_facing_api,production,QUALITY_TECHNICAL_DEBT,Stylistic/architectural finding without proven runtime/security impact.,no,n/a,accepted_debt,still_present_exact_line
a76d0381f819a8a7,py/cyclic-import,cap646/batch03_dedicated.py,15,Import of module [cap646.dedicated_common](1) begins an import cycle.,,recommendation,high,,production,internet_facing_api,production,QUALITY_TECHNICAL_DEBT,Stylistic/architectural finding without proven runtime/security impact.,no,n/a,accepted_debt,still_present_exact_line
0446760d12f864c8,py/cyclic-import,cap646/batch03_dedicated.py,16,Import of module [cap646.dedicated_common](1) begins an import cycle.,,recommendation,high,,production,internet_facing_api,production,QUALITY_TECHNICAL_DEBT,Stylistic/architectural finding without proven runtime/security impact.,no,n/a,accepted_debt,still_present_exact_line
4ba282023d7017cc,py/cyclic-import,cap646/batch03_production.py,14,Import of module [cap646.batch03_dedicated](1) begins an import cycle.,,recommendation,high,,production,internet_facing_api,production,QUALITY_TECHNICAL_DEBT,Stylistic/architectural finding without proven runtime/security impact.,no,n/a,accepted_debt,still_present_exact_line
34038b5c4d8ccb18,py/cyclic-import,cap646/batch03_production.py,41,Import of module [cap646.batch03_dedicated](1) begins an import cycle.,,recommendation,high,,production,internet_facing_api,production,QUALITY_TECHNICAL_DEBT,Stylistic/architectural finding without proven runtime/security impact.,no,n/a,accepted_debt,still_present_exact_line
e7969554a3aa2efe,py/cyclic-import,cap646/batch_dedicated_invoke.py,10,Import of module [cap646.backend_executor](1) begins an import cycle.,,recommendation,high,,production,internet_facing_api,production,QUALITY_TECHNICAL_DEBT,Stylistic/architectural finding without proven runtime/security impact.,no,n/a,accepted_debt,still_present_exact_line
717b9de71ba40c63,py/cyclic-import,cap646/batch_dedicated_invoke.py,11,Import of module [cap646.backend_registry](1) begins an import cycle.,,recommendation,high,,production,internet_facing_api,production,QUALITY_TECHNICAL_DEBT,Stylistic/architectural finding without proven runtime/security impact.,no,n/a,accepted_debt,still_present_exact_line
4971433319868ac8,py/cyclic-import,cap646/batch_range_production.py,63,Import of module [cap646.batch01_production](1) begins an import cycle.,,recommendation,high,,production,internet_facing_api,production,QUALITY_TECHNICAL_DEBT,Stylistic/architectural finding without proven runtime/security impact.,no,n/a,accepted_debt,still_present_exact_line
b67df0d1ebcc03ca,py/cyclic-import,cap646/batch_range_production.py,66,Import of module [cap646.batch01_production](1) begins an import cycle.,,recommendation,high,,production,internet_facing_api,production,QUALITY_TECHNICAL_DEBT,Stylistic/architectural finding without proven runtime/security impact.,no,n/a,accepted_debt,still_present_exact_line
0ae79269bd09acd0,py/cyclic-import,cap646/batch_range_production.py,73,Import of module [cap646.backend_executor](1) begins an import cycle.,,recommendation,high,,production,internet_facing_api,production,QUALITY_TECHNICAL_DEBT,Stylistic/architectural finding without proven runtime/security impact.,no,n/a,accepted_debt,still_present_exact_line
bef251bbd0d5f4b1,py/cyclic-import,billing_service.py,214,Import of module [billing.webhook_processor](1) begins an import cycle.,,recommendation,high,,production,internet_facing_api,production,QUALITY_TECHNICAL_DEBT,Stylistic/architectural finding without proven runtime/security impact.,no,n/a,accepted_debt,still_present_exact_line
a97f6757fd438bb6,py/cyclic-import,billing_service.py,234,Import of module [billing.webhook_processor](1) begins an import cycle.,,recommendation,high,,production,internet_facing_api,production,QUALITY_TECHNICAL_DEBT,Stylistic/architectural finding without proven runtime/security impact.,no,n/a,accepted_debt,still_present_exact_line
d3d9506661d22c75,py/cyclic-import,ccxt_market_fetcher.py,15,Import of module [config](1) begins an import cycle.,,recommendation,high,,production,internet_facing_api,production,QUALITY_TECHNICAL_DEBT,Stylistic/architectural finding without proven runtime/security impact.,no,n/a,accepted_debt,still_present_exact_line
2064fe5cc5fa9058,py/cyclic-import,ccxt_market_fetcher.py,195,Import of module [aggregator](1) begins an import cycle.,,recommendation,high,,production,internet_facing_api,production,QUALITY_TECHNICAL_DEBT,Stylistic/architectural finding without proven runtime/security impact.,no,n/a,accepted_debt,still_present_exact_line
f695a91459770ed0,py/cyclic-import,ccxt_market_fetcher.py,233,Import of module [aggregator](1) begins an import cycle.,,recommendation,high,,production,internet_facing_api,production,QUALITY_TECHNICAL_DEBT,Stylistic/architectural finding without proven runtime/security impact.,no,n/a,accepted_debt,still_present_exact_line
367e276bd56946cb,py/cyclic-import,coingecko_cex_fetcher.py,107,Import of module [blackdark.ingestion.coingecko_connector](1) begins an import cycle.,,recommendation,high,,production,internet_facing_api,production,QUALITY_TECHNICAL_DEBT,Stylistic/architectural finding without proven runtime/security impact.,no,n/a,accepted_debt,still_present_exact_line
4d99b90e24ee1050,py/cyclic-import,blackdark/ingestion/coingecko_connector.py,24,Import of module [blackdark.canonical.resolver](1) begins an import cycle.,,recommendation,high,,production,internet_facing_api,production,QUALITY_TECHNICAL_DEBT,Stylistic/architectural finding without proven runtime/security impact.,no,n/a,accepted_debt,still_present_exact_line
476160bab058a12b,py/cyclic-import,blackdark/ingestion/coingecko_connector.py,26,Import of module [data_lake](1) begins an import cycle.,,recommendation,high,,production,internet_facing_api,production,QUALITY_TECHNICAL_DEBT,Stylistic/architectural finding without proven runtime/security impact.,no,n/a,accepted_debt,still_present_exact_line
a3c3cfd83d2592d5,py/cyclic-import,blackdark/ingestion/coingecko_connector.py,27,Import of module [database](1) begins an import cycle.,,recommendation,high,,production,internet_facing_api,production,QUALITY_TECHNICAL_DEBT,Stylistic/architectural finding without proven runtime/security impact.,no,n/a,accepted_debt,still_present_exact_line
6105c893ba53fd48,py/cyclic-import,commercial_msa.py,56,Import of module [site_services](1) begins an import cycle.,,recommendation,high,,production,internet_facing_api,production,QUALITY_TECHNICAL_DEBT,Stylistic/architectural finding without proven runtime/security impact.,no,n/a,accepted_debt,still_present_exact_line
c4f618f0fc4ee78f,py/cyclic-import,commercial_sla.py,57,Import of module [site_services](1) begins an import cycle.,,recommendation,high,,production,internet_facing_api,production,QUALITY_TECHNICAL_DEBT,Stylistic/architectural finding without proven runtime/security impact.,no,n/a,accepted_debt,still_present_exact_line
39984745bd8e107a,py/cyclic-import,commercial_support.py,56,Import of module [site_services](1) begins an import cycle.,,recommendation,high,,production,internet_facing_api,production,QUALITY_TECHNICAL_DEBT,Stylistic/architectural finding without proven runtime/security impact.,no,n/a,accepted_debt,still_present_exact_line
bf8a6f4d2e93a2d6,py/cyclic-import,committee_one_pager.py,55,Import of module [acquirer_evidence_pack](1) begins an import cycle.,,recommendation,high,,production,internet_facing_api,production,QUALITY_TECHNICAL_DEBT,Stylistic/architectural finding without proven runtime/security impact.,no,n/a,accepted_debt,still_present_exact_line
63b3d5f4ff9c388e,py/cyclic-import,compounding_common.py,10,Import of module [audit_registry](1) begins an import cycle.,,recommendation,high,,production,internet_facing_api,production,QUALITY_TECHNICAL_DEBT,Stylistic/architectural finding without proven runtime/security impact.,no,n/a,accepted_debt,still_present_exact_line
81ab85f15eea489f,py/cyclic-import,config.py,358,Import of module [market_fetcher_hub](1) begins an import cycle.,,recommendation,high,,production,internet_facing_api,production,QUALITY_TECHNICAL_DEBT,Stylistic/architectural finding without proven runtime/security impact.,no,n/a,accepted_debt,still_present_exact_line
588055f098064a60,py/cyclic-import,corpus_passport.py,12,Import of module [committee_one_pager](1) begins an import cycle.,,recommendation,high,,production,internet_facing_api,production,QUALITY_TECHNICAL_DEBT,Stylistic/architectural finding without proven runtime/security impact.,no,n/a,accepted_debt,still_present_exact_line
f2a78ffbd2b4476e,py/cyclic-import,data_lake.py,16,Import of module [config](1) begins an import cycle.,,recommendation,high,,production,internet_facing_api,production,QUALITY_TECHNICAL_DEBT,Stylistic/architectural finding without proven runtime/security impact.,no,n/a,accepted_debt,still_present_exact_line
d9110fa39cf5b7bf,py/cyclic-import,data_lake.py,18,Import of module [database](1) begins an import cycle.,,recommendation,high,,production,internet_facing_api,production,QUALITY_TECHNICAL_DEBT,Stylistic/architectural finding without proven runtime/security impact.,no,n/a,accepted_debt,still_present_exact_line
a96ffc457f503d2e,py/cyclic-import,data_lake.py,50,Import of module [blackdark.canonical.resolver](1) begins an import cycle.,,recommendation,high,,production,internet_facing_api,production,QUALITY_TECHNICAL_DEBT,Stylistic/architectural finding without proven runtime/security impact.,no,n/a,accepted_debt,still_present_exact_line
ac741176ea4cff3c,py/cyclic-import,data_moat_guard.py,15,Import of module [config](1) begins an import cycle.,,recommendation,high,,production,internet_facing_api,production,QUALITY_TECHNICAL_DEBT,Stylistic/architectural finding without proven runtime/security impact.,no,n/a,accepted_debt,still_present_exact_line
46823aeb1852ce68,py/cyclic-import,data_moat_guard.py,93,Import of module [database](1) begins an import cycle.,,recommendation,high,,production,internet_facing_api,production,QUALITY_TECHNICAL_DEBT,Stylistic/architectural finding without proven runtime/security impact.,no,n/a,accepted_debt,still_present_exact_line
268154ad3a6f1287,py/cyclic-import,data_sources_extra.py,8,Import of module [data_sources_registry](1) begins an import cycle.,,recommendation,high,,production,internet_facing_api,production,QUALITY_TECHNICAL_DEBT,Stylistic/architectural finding without proven runtime/security impact.,no,n/a,accepted_debt,still_present_exact_line
2aac2d8ebad8b371,py/cyclic-import,bd_platform/data_sources_layer.py,54,Import of module [bd_platform.institutional_b2b_layer](1) begins an import cycle.,,recommendation,high,,production,internet_facing_api,production,QUALITY_TECHNICAL_DEBT,Stylistic/architectural finding without proven runtime/security impact.,no,n/a,accepted_debt,still_present_exact_line
afa31698997a4686,py/cyclic-import,bd_platform/data_sources_layer.py,460,Import of module [bd_platform.intelligence_ux_extensions_layer](1) begins an import cycle.,,recommendation,high,,production,internet_facing_api,production,QUALITY_TECHNICAL_DEBT,Stylistic/architectural finding without proven runtime/security impact.,no,n/a,accepted_debt,still_present_exact_line
1419ac3f41aa1738,py/cyclic-import,bd_platform/data_sources_layer.py,542,Import of module [bd_platform.retail_intelligence_layer](1) begins an import cycle.,,recommendation,high,,production,internet_facing_api,production,QUALITY_TECHNICAL_DEBT,Stylistic/architectural finding without proven runtime/security impact.,no,n/a,accepted_debt,still_present_exact_line
3ff3fe3517e17bc6,py/cyclic-import,database.py,23,Import of module [config](1) begins an import cycle.,,recommendation,high,,production,internet_facing_api,production,QUALITY_TECHNICAL_DEBT,Stylistic/architectural finding without proven runtime/security impact.,no,n/a,accepted_debt,still_present_exact_line
208d5110de173c56,py/cyclic-import,database.py,555,Import of module [postgres_backend](1) begins an import cycle.,,recommendation,high,,production,internet_facing_api,production,QUALITY_TECHNICAL_DEBT,Stylistic/architectural finding without proven runtime/security impact.,no,n/a,accepted_debt,still_present_exact_line
323474aeede26d9c,py/cyclic-import,database.py,584,Import of module [postgres_backend](1) begins an import cycle.,,recommendation,high,,production,internet_facing_api,production,QUALITY_TECHNICAL_DEBT,Stylistic/architectural finding without proven runtime/security impact.,no,n/a,accepted_debt,still_present_exact_line
a888b39f83633f2f,py/cyclic-import,database.py,2202,Import of module [config](1) begins an import cycle.,,recommendation,high,,production,internet_facing_api,production,QUALITY_TECHNICAL_DEBT,Stylistic/architectural finding without proven runtime/security impact.,no,n/a,accepted_debt,absent_from_final_sarif
4f9355d2370a5f3d,py/cyclic-import,database.py,2262,Import of module [data_moat_guard](1) begins an import cycle.,,recommendation,high,,production,internet_facing_api,production,QUALITY_TECHNICAL_DEBT,Stylistic/architectural finding without proven runtime/security impact.,no,n/a,accepted_debt,absent_from_final_sarif
f836eb37a967124d,py/cyclic-import,database.py,2301,Import of module [oracle_track_record](1) begins an import cycle.,,recommendation,high,,production,internet_facing_api,production,QUALITY_TECHNICAL_DEBT,Stylistic/architectural finding without proven runtime/security impact.,no,n/a,accepted_debt,absent_from_final_sarif
03b73ea4246bd03e,py/cyclic-import,database.py,3602,Import of module [billing.subscription_engine](1) begins an import cycle.,,recommendation,high,,production,internet_facing_api,production,QUALITY_TECHNICAL_DEBT,Stylistic/architectural finding without proven runtime/security impact.,no,n/a,accepted_debt,absent_from_final_sarif
dc8874169b56adcd,py/cyclic-import,database.py,3603,Import of module [billing.subscription_store](1) begins an import cycle.,,recommendation,high,,production,internet_facing_api,production,QUALITY_TECHNICAL_DEBT,Stylistic/architectural finding without proven runtime/security impact.,no,n/a,accepted_debt,absent_from_final_sarif
7b3d59c9bc332a17,py/cyclic-import,database.py,4100,Import of module [auth_service](1) begins an import cycle.,,recommendation,high,,production,internet_facing_api,production,QUALITY_TECHNICAL_DEBT,Stylistic/architectural finding without proven runtime/security impact.,no,n/a,accepted_debt,absent_from_final_sarif
32ec32685565b0cc,py/cyclic-import,blackdark/data/db.py,76,Import of module [blackdark.data.migrate](1) begins an import cycle.,,recommendation,high,,production,internet_facing_api,production,QUALITY_TECHNICAL_DEBT,Stylistic/architectural finding without proven runtime/security impact.,no,n/a,accepted_debt,still_present_exact_line
763b2fcb0df8fe6c,py/cyclic-import,cap646/dedicated_common.py,83,Import of module [cap646.batch_dedicated_invoke](1) begins an import cycle.,,recommendation,high,,production,internet_facing_api,production,QUALITY_TECHNICAL_DEBT,Stylistic/architectural finding without proven runtime/security impact.,no,n/a,accepted_debt,still_present_exact_line
ab009ee3844f58e2,py/cyclic-import,bd_platform/derivatives_ta_research_layer.py,480,Import of module [bd_platform.data_sources_layer](1) begins an import cycle.,,recommendation,high,,production,internet_facing_api,production,QUALITY_TECHNICAL_DEBT,Stylistic/architectural finding without proven runtime/security impact.,no,n/a,accepted_debt,still_present_exact_line
c14b3b77f114472d,py/cyclic-import,bd_platform/derivatives_ta_research_layer.py,548,Import of module [bd_platform.onchain_platform_layer](1) begins an import cycle.,,recommendation,high,,production,internet_facing_api,production,QUALITY_TECHNICAL_DEBT,Stylistic/architectural finding without proven runtime/security impact.,no,n/a,accepted_debt,still_present_exact_line
df22fe4824dd0a7f,py/cyclic-import,dex_fetcher.py,17,Import of module [config](1) begins an import cycle.,,recommendation,high,,production,internet_facing_api,production,QUALITY_TECHNICAL_DEBT,Stylistic/architectural finding without proven runtime/security impact.,no,n/a,accepted_debt,still_present_exact_line
8ced7ee98315e1c1,py/cyclic-import,dex_fetcher.py,216,Import of module [aggregator](1) begins an import cycle.,,recommendation,high,,production,internet_facing_api,production,QUALITY_TECHNICAL_DEBT,Stylistic/architectural finding without proven runtime/security impact.,no,n/a,accepted_debt,still_present_exact_line
34d4823f5e845bd8,py/cyclic-import,didit_kyc.py,205,Import of module [institutional_commerce](1) begins an import cycle.,,recommendation,high,,production,internet_facing_api,production,QUALITY_TECHNICAL_DEBT,Stylistic/architectural finding without proven runtime/security impact.,no,n/a,accepted_debt,still_present_exact_line
365c7074b29ef425,py/cyclic-import,email_outbox.py,167,Import of module [alert_service](1) begins an import cycle.,,recommendation,high,,production,internet_facing_api,production,QUALITY_TECHNICAL_DEBT,Stylistic/architectural finding without proven runtime/security impact.,no,n/a,accepted_debt,still_present_exact_line
3128b0ad06123057,py/cyclic-import,exchange_adapters.py,11,Import of module [config](1) begins an import cycle.,,recommendation,high,,production,internet_facing_api,production,QUALITY_TECHNICAL_DEBT,Stylistic/architectural finding without proven runtime/security impact.,no,n/a,accepted_debt,still_present_exact_line
68638f2b2b707b4d,py/cyclic-import,cap978/extension_registry.py,10,Import of module [cap646.backend_registry](1) begins an import cycle.,,recommendation,high,,production,internet_facing_api,production,QUALITY_TECHNICAL_DEBT,Stylistic/architectural finding without proven runtime/security impact.,no,n/a,accepted_debt,still_present_exact_line
60e1723e54c0de6a,py/cyclic-import,cap646/functional_dod.py,10,Import of module [cap646.runtime](1) begins an import cycle.,,recommendation,high,,production,internet_facing_api,production,QUALITY_TECHNICAL_DEBT,Stylistic/architectural finding without proven runtime/security impact.,no,n/a,accepted_debt,still_present_exact_line
275e1dcc74629835,py/cyclic-import,hot_storage.py,28,Import of module [config](1) begins an import cycle.,,recommendation,high,,production,internet_facing_api,production,QUALITY_TECHNICAL_DEBT,Stylistic/architectural finding without proven runtime/security impact.,no,n/a,accepted_debt,still_present_exact_line
04527b1a10246465,py/cyclic-import,hot_storage.py,501,Import of module [database](1) begins an import cycle.,,recommendation,high,,production,internet_facing_api,production,QUALITY_TECHNICAL_DEBT,Stylistic/architectural finding without proven runtime/security impact.,no,n/a,accepted_debt,still_present_exact_line
beb9530c988b615a,py/cyclic-import,hot_storage.py,513,Import of module [database](1) begins an import cycle.,,recommendation,high,,production,internet_facing_api,production,QUALITY_TECHNICAL_DEBT,Stylistic/architectural finding without proven runtime/security impact.,no,n/a,accepted_debt,still_present_exact_line
ded6c8d7cb7c22a6,py/cyclic-import,identity_service.py,177,Import of module [oauth_service](1) begins an import cycle.,,recommendation,high,,production,internet_facing_api,production,QUALITY_TECHNICAL_DEBT,Stylistic/architectural finding without proven runtime/security impact.,no,n/a,accepted_debt,still_present_exact_line
687d0190cd9972ce,py/cyclic-import,identity_service.py,224,Import of module [email_outbox](1) begins an import cycle.,,recommendation,high,,production,internet_facing_api,production,QUALITY_TECHNICAL_DEBT,Stylistic/architectural finding without proven runtime/security impact.,no,n/a,accepted_debt,still_present_exact_line
8774a8aa9df9378d,py/cyclic-import,identity_service.py,237,Import of module [database](1) begins an import cycle.,,recommendation,high,,production,internet_facing_api,production,QUALITY_TECHNICAL_DEBT,Stylistic/architectural finding without proven runtime/security impact.,no,n/a,accepted_debt,still_present_exact_line
dc88fb1e3f66d4c5,py/cyclic-import,identity_service.py,254,Import of module [database](1) begins an import cycle.,,recommendation,high,,production,internet_facing_api,production,QUALITY_TECHNICAL_DEBT,Stylistic/architectural finding without proven runtime/security impact.,no,n/a,accepted_debt,still_present_exact_line
5d1eee36c833f412,py/cyclic-import,identity_service.py,310,Import of module [database](1) begins an import cycle.,,recommendation,high,,production,internet_facing_api,production,QUALITY_TECHNICAL_DEBT,Stylistic/architectural finding without proven runtime/security impact.,no,n/a,accepted_debt,still_present_exact_line
dc61f685cb2b3087,py/cyclic-import,identity_service.py,317,Import of module [database](1) begins an import cycle.,,recommendation,high,,production,internet_facing_api,production,QUALITY_TECHNICAL_DEBT,Stylistic/architectural finding without proven runtime/security impact.,no,n/a,accepted_debt,still_present_exact_line
5b5e9c738eb46373,py/cyclic-import,ml/inference.py,30,Import of module [ml.regime_router](1) begins an import cycle.,,recommendation,high,,production,internet_facing_api,production,QUALITY_TECHNICAL_DEBT,Stylistic/architectural finding without proven runtime/security impact.,no,n/a,accepted_debt,still_present_exact_line
033feaf9a0850e32,py/cyclic-import,bd_platform/infra_intelligence_layer.py,158,Import of module [bd_platform.intelligence_analysis_layer](1) begins an import cycle.,,recommendation,high,,production,internet_facing_api,production,QUALITY_TECHNICAL_DEBT,Stylistic/architectural finding without proven runtime/security impact.,no,n/a,accepted_debt,still_present_exact_line
f8659d68e4982e01,py/cyclic-import,bd_platform/infra_intelligence_layer.py,391,Import of module [bd_platform.onchain_platform_layer](1) begins an import cycle.,,recommendation,high,,production,internet_facing_api,production,QUALITY_TECHNICAL_DEBT,Stylistic/architectural finding without proven runtime/security impact.,no,n/a,accepted_debt,still_present_exact_line
69dc16fce6d25c75,py/cyclic-import,bd_platform/infra_intelligence_layer.py,444,Import of module [bd_platform.risk_infrastructure_layer](1) begins an import cycle.,,recommendation,high,,production,internet_facing_api,production,QUALITY_TECHNICAL_DEBT,Stylistic/architectural finding without proven runtime/security impact.,no,n/a,accepted_debt,still_present_exact_line
d316bf45f9e2eaaa,py/cyclic-import,bd_platform/infra_intelligence_layer.py,605,Import of module [bd_platform.whales_institutional_layer](1) begins an import cycle.,,recommendation,high,,production,internet_facing_api,production,QUALITY_TECHNICAL_DEBT,Stylistic/architectural finding without proven runtime/security impact.,no,n/a,accepted_debt,still_present_exact_line
e5828e760f8c1ada,py/cyclic-import,institutional_assurance.py,130,Import of module [commercial_sla](1) begins an import cycle.,,recommendation,high,,production,internet_facing_api,production,QUALITY_TECHNICAL_DEBT,Stylistic/architectural finding without proven runtime/security impact.,no,n/a,accepted_debt,still_present_exact_line
647e27a9040887d4,py/cyclic-import,institutional_assurance.py,292,Import of module [commercial_msa](1) begins an import cycle.,,recommendation,high,,production,internet_facing_api,production,QUALITY_TECHNICAL_DEBT,Stylistic/architectural finding without proven runtime/security impact.,no,n/a,accepted_debt,still_present_exact_line
e9ddc9a447fcb25b,py/cyclic-import,institutional_assurance.py,542,Import of module [commercial_support](1) begins an import cycle.,,recommendation,high,,production,internet_facing_api,production,QUALITY_TECHNICAL_DEBT,Stylistic/architectural finding without proven runtime/security impact.,no,n/a,accepted_debt,still_present_exact_line
dcb357c401abb001,py/cyclic-import,bd_platform/institutional_b2b_layer.py,76,Import of module [bd_platform.pro_trader_layer](1) begins an import cycle.,,recommendation,high,,production,internet_facing_api,production,QUALITY_TECHNICAL_DEBT,Stylistic/architectural finding without proven runtime/security impact.,no,n/a,accepted_debt,still_present_exact_line
79513f99d2ca1cb4,py/cyclic-import,bd_platform/institutional_b2b_layer.py,77,Import of module [bd_platform.whales_institutional_layer](1) begins an import cycle.,,recommendation,high,,production,internet_facing_api,production,QUALITY_TECHNICAL_DEBT,Stylistic/architectural finding without proven runtime/security impact.,no,n/a,accepted_debt,still_present_exact_line
0541c97fa9d9b046,py/cyclic-import,bd_platform/institutional_b2b_layer.py,351,Import of module [bd_platform.whales_institutional_layer](1) begins an import cycle.,,recommendation,high,,production,internet_facing_api,production,QUALITY_TECHNICAL_DEBT,Stylistic/architectural finding without proven runtime/security impact.,no,n/a,accepted_debt,still_present_exact_line
d406ed9ac147e393,py/cyclic-import,bd_platform/institutional_b2b_layer.py,379,Import of module [bd_platform.advanced_ta_risk_layer](1) begins an import cycle.,,recommendation,high,,production,internet_facing_api,production,QUALITY_TECHNICAL_DEBT,Stylistic/architectural finding without proven runtime/security impact.,no,n/a,accepted_debt,still_present_exact_line
9e7045d9fa05e909,py/cyclic-import,institutional_commerce.py,255,Import of module [didit_kyc](1) begins an import cycle.,,recommendation,high,,production,internet_facing_api,production,QUALITY_TECHNICAL_DEBT,Stylistic/architectural finding without proven runtime/security impact.,no,n/a,accepted_debt,still_present_exact_line
5d1a775e6e0d11ad,py/cyclic-import,cap646/institutional_official_production.py,154,Import of module [cap646.batch01_production](1) begins an import cycle.,,recommendation,high,,production,internet_facing_api,production,QUALITY_TECHNICAL_DEBT,Stylistic/architectural finding without proven runtime/security impact.,no,n/a,accepted_debt,still_present_exact_line
793fa3542ed3d2ca,py/cyclic-import,cap646/institutional_official_production.py,155,Import of module [cap646.batch02_production](1) begins an import cycle.,,recommendation,high,,production,internet_facing_api,production,QUALITY_TECHNICAL_DEBT,Stylistic/architectural finding without proven runtime/security impact.,no,n/a,accepted_debt,still_present_exact_line
7d8455e6fd35057b,py/cyclic-import,cap646/institutional_official_production.py,184,Import of module [cap646.batch01_production](1) begins an import cycle.,,recommendation,high,,production,internet_facing_api,production,QUALITY_TECHNICAL_DEBT,Stylistic/architectural finding without proven runtime/security impact.,no,n/a,accepted_debt,still_present_exact_line
4822a4303f416827,py/cyclic-import,cap646/institutional_official_production.py,185,Import of module [cap646.batch02_production](1) begins an import cycle.,,recommendation,high,,production,internet_facing_api,production,QUALITY_TECHNICAL_DEBT,Stylistic/architectural finding without proven runtime/security impact.,no,n/a,accepted_debt,still_present_exact_line
327173817d267095,py/cyclic-import,cap646/institutional_official_production.py,218,Import of module [cap646.backend_registry](1) begins an import cycle.,,recommendation,high,,production,internet_facing_api,production,QUALITY_TECHNICAL_DEBT,Stylistic/architectural finding without proven runtime/security impact.,no,n/a,accepted_debt,still_present_exact_line
f4e3012424ab22f2,py/cyclic-import,cap646/institutional_official_production.py,226,Import of module [cap646.batch01_closure_spec](1) begins an import cycle.,,recommendation,high,,production,internet_facing_api,production,QUALITY_TECHNICAL_DEBT,Stylistic/architectural finding without proven runtime/security impact.,no,n/a,accepted_debt,still_present_exact_line
d759d322a14e28a3,py/cyclic-import,cap646/institutional_official_production.py,227,Import of module [cap646.batch02_closure_spec](1) begins an import cycle.,,recommendation,high,,production,internet_facing_api,production,QUALITY_TECHNICAL_DEBT,Stylistic/architectural finding without proven runtime/security impact.,no,n/a,accepted_debt,still_present_exact_line
d61b618966630bfc,py/cyclic-import,bd_platform/intelligence_analysis_layer.py,149,Import of module [bd_platform.arbitrage_portfolio_ux_layer](1) begins an import cycle.,,recommendation,high,,production,internet_facing_api,production,QUALITY_TECHNICAL_DEBT,Stylistic/architectural finding without proven runtime/security impact.,no,n/a,accepted_debt,still_present_exact_line
49315f44d800f526,py/cyclic-import,bd_platform/intelligence_analysis_layer.py,491,Import of module [bd_platform.data_sources_layer](1) begins an import cycle.,,recommendation,high,,production,internet_facing_api,production,QUALITY_TECHNICAL_DEBT,Stylistic/architectural finding without proven runtime/security impact.,no,n/a,accepted_debt,still_present_exact_line
357d9454a3008a5c,py/cyclic-import,bd_platform/intelligence_analysis_layer.py,492,Import of module [bd_platform.institutional_b2b_layer](1) begins an import cycle.,,recommendation,high,,production,internet_facing_api,production,QUALITY_TECHNICAL_DEBT,Stylistic/architectural finding without proven runtime/security impact.,no,n/a,accepted_debt,still_present_exact_line
c015b7a28df14e80,py/cyclic-import,bd_platform/intelligence_analysis_layer.py,493,Import of module [bd_platform.pro_trader_layer](1) begins an import cycle.,,recommendation,high,,production,internet_facing_api,production,QUALITY_TECHNICAL_DEBT,Stylistic/architectural finding without proven runtime/security impact.,no,n/a,accepted_debt,still_present_exact_line
a8807fd4eaa584e9,py/cyclic-import,bd_platform/intelligence_analysis_layer.py,494,Import of module [bd_platform.whales_institutional_layer](1) begins an import cycle.,,recommendation,high,,production,internet_facing_api,production,QUALITY_TECHNICAL_DEBT,Stylistic/architectural finding without proven runtime/security impact.,no,n/a,accepted_debt,still_present_exact_line
8deaf21c7d595296,py/cyclic-import,bd_platform/intelligence_market_extensions_layer.py,590,Import of module [bd_platform.pro_trader_layer](1) begins an import cycle.,,recommendation,high,,production,internet_facing_api,production,QUALITY_TECHNICAL_DEBT,Stylistic/architectural finding without proven runtime/security impact.,no,n/a,accepted_debt,still_present_exact_line
69e887589bc40e19,py/cyclic-import,bd_platform/intelligence_ux_extensions_layer.py,556,Import of module [bd_platform.data_sources_layer](1) begins an import cycle.,,recommendation,high,,production,internet_facing_api,production,QUALITY_TECHNICAL_DEBT,Stylistic/architectural finding without proven runtime/security impact.,no,n/a,accepted_debt,still_present_exact_line
7d18498835ec9c8b,py/cyclic-import,bd_platform/intelligence_ux_extensions_layer.py,564,Import of module [bd_platform.intelligence_analysis_layer](1) begins an import cycle.,,recommendation,high,,production,internet_facing_api,production,QUALITY_TECHNICAL_DEBT,Stylistic/architectural finding without proven runtime/security impact.,no,n/a,accepted_debt,still_present_exact_line
69754896448c3679,py/cyclic-import,bd_platform/intelligence_ux_extensions_layer.py,572,Import of module [bd_platform.onchain_platform_layer](1) begins an import cycle.,,recommendation,high,,production,internet_facing_api,production,QUALITY_TECHNICAL_DEBT,Stylistic/architectural finding without proven runtime/security impact.,no,n/a,accepted_debt,still_present_exact_line
34ed54f828a00c11,py/cyclic-import,knowledge_graph.py,10,Import of module [compounding_common](1) begins an import cycle.,,recommendation,high,,production,internet_facing_api,production,QUALITY_TECHNICAL_DEBT,Stylistic/architectural finding without proven runtime/security impact.,no,n/a,accepted_debt,still_present_exact_line
e4cfbab1828c5e0b,py/cyclic-import,knowledge_graph.py,11,Import of module [audit_registry](1) begins an import cycle.,,recommendation,high,,production,internet_facing_api,production,QUALITY_TECHNICAL_DEBT,Stylistic/architectural finding without proven runtime/security impact.,no,n/a,accepted_debt,still_present_exact_line
206df74113967d49,py/cyclic-import,ml/labeling_pipeline.py,313,Import of module [ml.live_sample_collector](1) begins an import cycle.,,recommendation,high,,production,internet_facing_api,production,QUALITY_TECHNICAL_DEBT,Stylistic/architectural finding without proven runtime/security impact.,no,n/a,accepted_debt,still_present_exact_line
3211fe595f43fd9d,py/cyclic-import,ml/labeling_pipeline.py,326,Import of module [ml.market_replay_bootstrap](1) begins an import cycle.,,recommendation,high,,production,internet_facing_api,production,QUALITY_TECHNICAL_DEBT,Stylistic/architectural finding without proven runtime/security impact.,no,n/a,accepted_debt,still_present_exact_line
9621e3fb10dd9b44,py/cyclic-import,liquidity_discovery.py,18,Import of module [config](1) begins an import cycle.,,recommendation,high,,production,internet_facing_api,production,QUALITY_TECHNICAL_DEBT,Stylistic/architectural finding without proven runtime/security impact.,no,n/a,accepted_debt,still_present_exact_line
b60f891af3099abb,py/cyclic-import,liquidity_discovery.py,90,Import of module [platform_universe](1) begins an import cycle.,,recommendation,high,,production,internet_facing_api,production,QUALITY_TECHNICAL_DEBT,Stylistic/architectural finding without proven runtime/security impact.,no,n/a,accepted_debt,still_present_exact_line
71c7ed69143f5952,py/cyclic-import,liquidity_discovery.py,564,Import of module [platform_universe](1) begins an import cycle.,,recommendation,high,,production,internet_facing_api,production,QUALITY_TECHNICAL_DEBT,Stylistic/architectural finding without proven runtime/security impact.,no,n/a,accepted_debt,still_present_exact_line
174d79375eb6057d,py/cyclic-import,liquidity_discovery.py,752,Import of module [platform_universe](1) begins an import cycle.,,recommendation,high,,production,internet_facing_api,production,QUALITY_TECHNICAL_DEBT,Stylistic/architectural finding without proven runtime/security impact.,no,n/a,accepted_debt,still_present_exact_line
c84ad61efd20cec0,py/cyclic-import,ml/live_sample_collector.py,29,Import of module [ml.labeling_pipeline](1) begins an import cycle.,,recommendation,high,,production,internet_facing_api,production,QUALITY_TECHNICAL_DEBT,Stylistic/architectural finding without proven runtime/security impact.,no,n/a,accepted_debt,still_present_exact_line
d61f1791387e352c,py/cyclic-import,bd_platform/market_analysis_layer.py,726,Import of module [bd_platform.pro_trader_layer](1) begins an import cycle.,,recommendation,high,,production,internet_facing_api,production,QUALITY_TECHNICAL_DEBT,Stylistic/architectural finding without proven runtime/security impact.,no,n/a,accepted_debt,still_present_exact_line
c168e59d9fb4b66a,py/cyclic-import,bd_platform/market_analysis_layer.py,727,Import of module [bd_platform.whales_institutional_layer](1) begins an import cycle.,,recommendation,high,,production,internet_facing_api,production,QUALITY_TECHNICAL_DEBT,Stylistic/architectural finding without proven runtime/security impact.,no,n/a,accepted_debt,still_present_exact_line
33f5cd08cabb8055,py/cyclic-import,market_fetcher_hub.py,9,Import of module [config](1) begins an import cycle.,,recommendation,high,,production,internet_facing_api,production,QUALITY_TECHNICAL_DEBT,Stylistic/architectural finding without proven runtime/security impact.,no,n/a,accepted_debt,still_present_exact_line
98502caab3459da9,py/cyclic-import,market_fetcher_hub.py,19,Import of module [ccxt_market_fetcher](1) begins an import cycle.,,recommendation,high,,production,internet_facing_api,production,QUALITY_TECHNICAL_DEBT,Stylistic/architectural finding without proven runtime/security impact.,no,n/a,accepted_debt,still_present_exact_line
627293033cd1d26c,py/cyclic-import,market_fetcher_hub.py,25,Import of module [coingecko_cex_fetcher](1) begins an import cycle.,,recommendation,high,,production,internet_facing_api,production,QUALITY_TECHNICAL_DEBT,Stylistic/architectural finding without proven runtime/security impact.,no,n/a,accepted_debt,still_present_exact_line
fa17563d9d1223b1,py/cyclic-import,market_fetcher_hub.py,31,Import of module [dex_fetcher](1) begins an import cycle.,,recommendation,high,,production,internet_facing_api,production,QUALITY_TECHNICAL_DEBT,Stylistic/architectural finding without proven runtime/security impact.,no,n/a,accepted_debt,still_present_exact_line
a47ecee866899659,py/cyclic-import,market_fetcher_hub.py,37,Import of module [perp_dex_fetcher](1) begins an import cycle.,,recommendation,high,,production,internet_facing_api,production,QUALITY_TECHNICAL_DEBT,Stylistic/architectural finding without proven runtime/security impact.,no,n/a,accepted_debt,still_present_exact_line
ca9bb5a87444027e,py/cyclic-import,market_fetcher_hub.py,48,Import of module [ccxt_market_fetcher](1) begins an import cycle.,,recommendation,high,,production,internet_facing_api,production,QUALITY_TECHNICAL_DEBT,Stylistic/architectural finding without proven runtime/security impact.,no,n/a,accepted_debt,still_present_exact_line
67f72665c9de3247,py/cyclic-import,market_fetcher_hub.py,54,Import of module [perp_dex_fetcher](1) begins an import cycle.,,recommendation,high,,production,internet_facing_api,production,QUALITY_TECHNICAL_DEBT,Stylistic/architectural finding without proven runtime/security impact.,no,n/a,accepted_debt,still_present_exact_line
1dd1a7c6d2a8a990,py/cyclic-import,market_fetcher_hub.py,67,Import of module [dex_fetcher](1) begins an import cycle.,,recommendation,high,,production,internet_facing_api,production,QUALITY_TECHNICAL_DEBT,Stylistic/architectural finding without proven runtime/security impact.,no,n/a,accepted_debt,still_present_exact_line
ea6ac7445f05f542,py/cyclic-import,market_fetcher_hub.py,74,Import of module [perp_dex_fetcher](1) begins an import cycle.,,recommendation,high,,production,internet_facing_api,production,QUALITY_TECHNICAL_DEBT,Stylistic/architectural finding without proven runtime/security impact.,no,n/a,accepted_debt,still_present_exact_line
f53ed4986b3d272d,py/cyclic-import,market_fetcher_hub.py,81,Import of module [coingecko_cex_fetcher](1) begins an import cycle.,,recommendation,high,,production,internet_facing_api,production,QUALITY_TECHNICAL_DEBT,Stylistic/architectural finding without proven runtime/security impact.,no,n/a,accepted_debt,still_present_exact_line
c88b73af00245283,py/cyclic-import,market_fetcher_hub.py,95,Import of module [dex_fetcher](1) begins an import cycle.,,recommendation,high,,production,internet_facing_api,production,QUALITY_TECHNICAL_DEBT,Stylistic/architectural finding without proven runtime/security impact.,no,n/a,accepted_debt,still_present_exact_line
8b7069c45c7d667e,py/cyclic-import,market_fetcher_hub.py,107,Import of module [ccxt_market_fetcher](1) begins an import cycle.,,recommendation,high,,production,internet_facing_api,production,QUALITY_TECHNICAL_DEBT,Stylistic/architectural finding without proven runtime/security impact.,no,n/a,accepted_debt,still_present_exact_line
2cd93c37d6015d4f,py/cyclic-import,market_fetcher_hub.py,116,Import of module [perp_dex_fetcher](1) begins an import cycle.,,recommendation,high,,production,internet_facing_api,production,QUALITY_TECHNICAL_DEBT,Stylistic/architectural finding without proven runtime/security impact.,no,n/a,accepted_debt,still_present_exact_line
52219d9bc8c2c3b0,py/cyclic-import,market_fetcher_hub.py,122,Import of module [exchange_adapters](1) begins an import cycle.,,recommendation,high,,production,internet_facing_api,production,QUALITY_TECHNICAL_DEBT,Stylistic/architectural finding without proven runtime/security impact.,no,n/a,accepted_debt,still_present_exact_line
8ca73f21c8aa139b,py/cyclic-import,market_fetcher_hub.py,130,Import of module [exchange_adapters](1) begins an import cycle.,,recommendation,high,,production,internet_facing_api,production,QUALITY_TECHNICAL_DEBT,Stylistic/architectural finding without proven runtime/security impact.,no,n/a,accepted_debt,still_present_exact_line
7c9cedb7f2f0763b,py/cyclic-import,market_fetcher_hub.py,144,Import of module [ccxt_market_fetcher](1) begins an import cycle.,,recommendation,high,,production,internet_facing_api,production,QUALITY_TECHNICAL_DEBT,Stylistic/architectural finding without proven runtime/security impact.,no,n/a,accepted_debt,still_present_exact_line
a9c55da243f7584f,py/cyclic-import,market_fetcher_hub.py,153,Import of module [coingecko_cex_fetcher](1) begins an import cycle.,,recommendation,high,,production,internet_facing_api,production,QUALITY_TECHNICAL_DEBT,Stylistic/architectural finding without proven runtime/security impact.,no,n/a,accepted_debt,still_present_exact_line
053c3f2d9c7e3f4c,py/cyclic-import,market_fetcher_hub.py,162,Import of module [dex_fetcher](1) begins an import cycle.,,recommendation,high,,production,internet_facing_api,production,QUALITY_TECHNICAL_DEBT,Stylistic/architectural finding without proven runtime/security impact.,no,n/a,accepted_debt,still_present_exact_line
74ae479e4f8a73dc,py/cyclic-import,market_fetcher_hub.py,171,Import of module [perp_dex_fetcher](1) begins an import cycle.,,recommendation,high,,production,internet_facing_api,production,QUALITY_TECHNICAL_DEBT,Stylistic/architectural finding without proven runtime/security impact.,no,n/a,accepted_debt,still_present_exact_line
3ba7e03127f3719e,py/cyclic-import,market_fetcher_hub.py,184,Import of module [ccxt_market_fetcher](1) begins an import cycle.,,recommendation,high,,production,internet_facing_api,production,QUALITY_TECHNICAL_DEBT,Stylistic/architectural finding without proven runtime/security impact.,no,n/a,accepted_debt,still_present_exact_line
c38c18c34f005acb,py/cyclic-import,ml/market_replay_bootstrap.py,19,Import of module [ml.labeling_pipeline](1) begins an import cycle.,,recommendation,high,,production,internet_facing_api,production,QUALITY_TECHNICAL_DEBT,Stylistic/architectural finding without proven runtime/security impact.,no,n/a,accepted_debt,still_present_exact_line
91593b9308237b55,py/cyclic-import,mfa_service.py,16,Import of module [config](1) begins an import cycle.,,recommendation,high,,production,internet_facing_api,production,QUALITY_TECHNICAL_DEBT,Stylistic/architectural finding without proven runtime/security impact.,no,n/a,accepted_debt,still_present_exact_line
3885d0b6f31ad73c,py/cyclic-import,mfa_service.py,107,Import of module [database](1) begins an import cycle.,,recommendation,high,,production,internet_facing_api,production,QUALITY_TECHNICAL_DEBT,Stylistic/architectural finding without proven runtime/security impact.,no,n/a,accepted_debt,still_present_exact_line
31b6df8add3fc482,py/cyclic-import,mfa_service.py,120,Import of module [database](1) begins an import cycle.,,recommendation,high,,production,internet_facing_api,production,QUALITY_TECHNICAL_DEBT,Stylistic/architectural finding without proven runtime/security impact.,no,n/a,accepted_debt,still_present_exact_line
4f42043af6c57d9b,py/cyclic-import,mfa_service.py,135,Import of module [database](1) begins an import cycle.,,recommendation,high,,production,internet_facing_api,production,QUALITY_TECHNICAL_DEBT,Stylistic/architectural finding without proven runtime/security impact.,no,n/a,accepted_debt,still_present_exact_line
6792670e630875eb,py/cyclic-import,mfa_service.py,160,Import of module [database](1) begins an import cycle.,,recommendation,high,,production,internet_facing_api,production,QUALITY_TECHNICAL_DEBT,Stylistic/architectural finding without proven runtime/security impact.,no,n/a,accepted_debt,still_present_exact_line
a078fefeaa6893b0,py/cyclic-import,mfa_service.py,177,Import of module [database](1) begins an import cycle.,,recommendation,high,,production,internet_facing_api,production,QUALITY_TECHNICAL_DEBT,Stylistic/architectural finding without proven runtime/security impact.,no,n/a,accepted_debt,still_present_exact_line
aa76bac8ad6d425b,py/cyclic-import,blackdark/data/migrate.py,12,Import of module [blackdark.data.db](1) begins an import cycle.,,recommendation,high,,production,internet_facing_api,production,QUALITY_TECHNICAL_DEBT,Stylistic/architectural finding without proven runtime/security impact.,no,n/a,accepted_debt,still_present_exact_line
0e52be4af6510e1e,py/cyclic-import,model_weights_guard.py,83,Import of module [weight_aggregator](1) begins an import cycle.,,recommendation,high,,production,internet_facing_api,production,QUALITY_TECHNICAL_DEBT,Stylistic/architectural finding without proven runtime/security impact.,no,n/a,accepted_debt,still_present_exact_line
c6fe0429ad23f012,py/cyclic-import,oauth_service.py,158,Import of module [auth_service](1) begins an import cycle.,,recommendation,high,,production,internet_facing_api,production,QUALITY_TECHNICAL_DEBT,Stylistic/architectural finding without proven runtime/security impact.,no,n/a,accepted_debt,still_present_exact_line
daa2f7dc4a91df43,py/cyclic-import,oauth_service.py,159,Import of module [database](1) begins an import cycle.,,recommendation,high,,production,internet_facing_api,production,QUALITY_TECHNICAL_DEBT,Stylistic/architectural finding without proven runtime/security impact.,no,n/a,accepted_debt,still_present_exact_line
d1637709e37d4567,py/cyclic-import,cap646/official_batch_production.py,46,Import of module [cap646.institutional_official_production](1) begins an import cycle.,,recommendation,high,,production,internet_facing_api,production,QUALITY_TECHNICAL_DEBT,Stylistic/architectural finding without proven runtime/security impact.,no,n/a,accepted_debt,still_present_exact_line
a31aa458b484b45f,py/cyclic-import,cap646/handlers/onchain.py,53,Import of module [cap646.batch02_production](1) begins an import cycle.,,recommendation,high,,production,internet_facing_api,production,QUALITY_TECHNICAL_DEBT,Stylistic/architectural finding without proven runtime/security impact.,no,n/a,accepted_debt,still_present_exact_line
168077ffef225fd7,py/cyclic-import,bd_platform/onchain_defi_sources_layer.py,499,Import of module [bd_platform.intelligence_analysis_layer](1) begins an import cycle.,,recommendation,high,,production,internet_facing_api,production,QUALITY_TECHNICAL_DEBT,Stylistic/architectural finding without proven runtime/security impact.,no,n/a,accepted_debt,still_present_exact_line
1d40d080946aa2dd,py/cyclic-import,bd_platform/onchain_defi_sources_layer.py,512,Import of module [bd_platform.pro_trader_layer](1) begins an import cycle.,,recommendation,high,,production,internet_facing_api,production,QUALITY_TECHNICAL_DEBT,Stylistic/architectural finding without proven runtime/security impact.,no,n/a,accepted_debt,still_present_exact_line
73ab3adb9ff40eb3,py/cyclic-import,bd_platform/onchain_platform_layer.py,134,Import of module [bd_platform.risk_infrastructure_layer](1) begins an import cycle.,,recommendation,high,,production,internet_facing_api,production,QUALITY_TECHNICAL_DEBT,Stylistic/architectural finding without proven runtime/security impact.,no,n/a,accepted_debt,still_present_exact_line
22112a51d85d41c0,py/cyclic-import,bd_platform/onchain_platform_layer.py,324,Import of module [bd_platform.risk_infrastructure_layer](1) begins an import cycle.,,recommendation,high,,production,internet_facing_api,production,QUALITY_TECHNICAL_DEBT,Stylistic/architectural finding without proven runtime/security impact.,no,n/a,accepted_debt,still_present_exact_line
841484dcfeb46f15,py/cyclic-import,bd_platform/onchain_platform_layer.py,330,Import of module [bd_platform.derivatives_ta_research_layer](1) begins an import cycle.,,recommendation,high,,production,internet_facing_api,production,QUALITY_TECHNICAL_DEBT,Stylistic/architectural finding without proven runtime/security impact.,no,n/a,accepted_debt,still_present_exact_line
65e8be2821bd3a70,py/cyclic-import,bd_platform/onchain_platform_layer.py,336,Import of module [bd_platform.intelligence_ux_extensions_layer](1) begins an import cycle.,,recommendation,high,,production,internet_facing_api,production,QUALITY_TECHNICAL_DEBT,Stylistic/architectural finding without proven runtime/security impact.,no,n/a,accepted_debt,still_present_exact_line
872043d50e1ddafb,py/cyclic-import,bd_platform/onchain_platform_layer.py,635,Import of module [bd_platform.infra_intelligence_layer](1) begins an import cycle.,,recommendation,high,,production,internet_facing_api,production,QUALITY_TECHNICAL_DEBT,Stylistic/architectural finding without proven runtime/security impact.,no,n/a,accepted_debt,still_present_exact_line
5f08f633e481f720,py/cyclic-import,bd_platform/onchain_platform_layer.py,636,Import of module [bd_platform.pro_trader_layer](1) begins an import cycle.,,recommendation,high,,production,internet_facing_api,production,QUALITY_TECHNICAL_DEBT,Stylistic/architectural finding without proven runtime/security impact.,no,n/a,accepted_debt,still_present_exact_line
ce63414b410fe5ca,py/cyclic-import,oracle_track_record.py,136,Import of module [database](1) begins an import cycle.,,recommendation,high,,production,internet_facing_api,production,QUALITY_TECHNICAL_DEBT,Stylistic/architectural finding without proven runtime/security impact.,no,n/a,accepted_debt,still_present_exact_line
dfb4ab4df8cc9ff5,py/cyclic-import,org_tenant.py,116,Import of module [org_tenant_store](1) begins an import cycle.,,recommendation,high,,production,internet_facing_api,production,QUALITY_TECHNICAL_DEBT,Stylistic/architectural finding without proven runtime/security impact.,no,n/a,accepted_debt,still_present_exact_line
7a3d8ff158e24a52,py/cyclic-import,org_tenant.py,153,Import of module [org_tenant_store](1) begins an import cycle.,,recommendation,high,,production,internet_facing_api,production,QUALITY_TECHNICAL_DEBT,Stylistic/architectural finding without proven runtime/security impact.,no,n/a,accepted_debt,still_present_exact_line
81a2f91606116c86,py/cyclic-import,org_tenant.py,161,Import of module [org_tenant_store](1) begins an import cycle.,,recommendation,high,,production,internet_facing_api,production,QUALITY_TECHNICAL_DEBT,Stylistic/architectural finding without proven runtime/security impact.,no,n/a,accepted_debt,still_present_exact_line
a424092628ddaf1c,py/cyclic-import,org_tenant.py,172,Import of module [org_tenant_store](1) begins an import cycle.,,recommendation,high,,production,internet_facing_api,production,QUALITY_TECHNICAL_DEBT,Stylistic/architectural finding without proven runtime/security impact.,no,n/a,accepted_debt,still_present_exact_line
f15873bd29338bac,py/cyclic-import,org_tenant.py,201,Import of module [org_tenant_store](1) begins an import cycle.,,recommendation,high,,production,internet_facing_api,production,QUALITY_TECHNICAL_DEBT,Stylistic/architectural finding without proven runtime/security impact.,no,n/a,accepted_debt,still_present_exact_line
b5466503f3b7de7c,py/cyclic-import,org_tenant.py,223,Import of module [org_tenant_store](1) begins an import cycle.,,recommendation,high,,production,internet_facing_api,production,QUALITY_TECHNICAL_DEBT,Stylistic/architectural finding without proven runtime/security impact.,no,n/a,accepted_debt,still_present_exact_line
1a1aa2479cfd09c5,py/cyclic-import,org_tenant.py,235,Import of module [org_tenant_store](1) begins an import cycle.,,recommendation,high,,production,internet_facing_api,production,QUALITY_TECHNICAL_DEBT,Stylistic/architectural finding without proven runtime/security impact.,no,n/a,accepted_debt,still_present_exact_line
c3557a5b7e9eeb97,py/cyclic-import,org_tenant.py,243,Import of module [org_tenant_store](1) begins an import cycle.,,recommendation,high,,production,internet_facing_api,production,QUALITY_TECHNICAL_DEBT,Stylistic/architectural finding without proven runtime/security impact.,no,n/a,accepted_debt,still_present_exact_line
356f446185eb03d1,py/cyclic-import,org_tenant.py,284,Import of module [org_tenant_store](1) begins an import cycle.,,recommendation,high,,production,internet_facing_api,production,QUALITY_TECHNICAL_DEBT,Stylistic/architectural finding without proven runtime/security impact.,no,n/a,accepted_debt,still_present_exact_line
2ab17cd997f3fd7e,py/cyclic-import,org_tenant_store.py,10,Import of module [org_tenant](1) begins an import cycle.,,recommendation,high,,production,internet_facing_api,production,QUALITY_TECHNICAL_DEBT,Stylistic/architectural finding without proven runtime/security impact.,no,n/a,accepted_debt,still_present_exact_line
e24a19f8fd918142,py/cyclic-import,pentest_attestation.py,290,Import of module [security_posture](1) begins an import cycle.,,recommendation,high,,production,internet_facing_api,production,QUALITY_TECHNICAL_DEBT,Stylistic/architectural finding without proven runtime/security impact.,no,n/a,accepted_debt,still_present_exact_line
32cdc4795e476abc,py/cyclic-import,perp_dex_fetcher.py,16,Import of module [config](1) begins an import cycle.,,recommendation,high,,production,internet_facing_api,production,QUALITY_TECHNICAL_DEBT,Stylistic/architectural finding without proven runtime/security impact.,no,n/a,accepted_debt,still_present_exact_line
0ba05888266476fc,py/cyclic-import,perp_dex_fetcher.py,190,Import of module [dex_fetcher](1) begins an import cycle.,,recommendation,high,,production,internet_facing_api,production,QUALITY_TECHNICAL_DEBT,Stylistic/architectural finding without proven runtime/security impact.,no,n/a,accepted_debt,still_present_exact_line
c8468ed5eae95e1a,py/cyclic-import,perp_dex_fetcher.py,203,Import of module [aggregator](1) begins an import cycle.,,recommendation,high,,production,internet_facing_api,production,QUALITY_TECHNICAL_DEBT,Stylistic/architectural finding without proven runtime/security impact.,no,n/a,accepted_debt,still_present_exact_line
373004a6fbc455be,py/cyclic-import,perp_dex_fetcher.py,242,Import of module [aggregator](1) begins an import cycle.,,recommendation,high,,production,internet_facing_api,production,QUALITY_TECHNICAL_DEBT,Stylistic/architectural finding without proven runtime/security impact.,no,n/a,accepted_debt,still_present_exact_line
7db0f8e516bc2bee,py/cyclic-import,platform_universe.py,21,Import of module [config](1) begins an import cycle.,,recommendation,high,,production,internet_facing_api,production,QUALITY_TECHNICAL_DEBT,Stylistic/architectural finding without proven runtime/security impact.,no,n/a,accepted_debt,still_present_exact_line
a39719895946b9a8,py/cyclic-import,platform_universe.py,79,Import of module [blackdark.canonical.resolver](1) begins an import cycle.,,recommendation,high,,production,internet_facing_api,production,QUALITY_TECHNICAL_DEBT,Stylistic/architectural finding without proven runtime/security impact.,no,n/a,accepted_debt,still_present_exact_line
775290e71d254949,py/cyclic-import,platform_universe.py,104,Import of module [database](1) begins an import cycle.,,recommendation,high,,production,internet_facing_api,production,QUALITY_TECHNICAL_DEBT,Stylistic/architectural finding without proven runtime/security impact.,no,n/a,accepted_debt,still_present_exact_line
7121fe8a5ce8265d,py/cyclic-import,postgres_backend.py,18,Import of module [config](1) begins an import cycle.,,recommendation,high,,production,internet_facing_api,production,QUALITY_TECHNICAL_DEBT,Stylistic/architectural finding without proven runtime/security impact.,no,n/a,accepted_debt,still_present_exact_line
d16b5f39968f3ac8,py/cyclic-import,postgres_backend.py,183,Import of module [database](1) begins an import cycle.,,recommendation,high,,production,internet_facing_api,production,QUALITY_TECHNICAL_DEBT,Stylistic/architectural finding without proven runtime/security impact.,no,n/a,accepted_debt,still_present_exact_line
f62a4c7d6999f73b,py/cyclic-import,postgres_backend.py,337,Import of module [database](1) begins an import cycle.,,recommendation,high,,production,internet_facing_api,production,QUALITY_TECHNICAL_DEBT,Stylistic/architectural finding without proven runtime/security impact.,no,n/a,accepted_debt,still_present_exact_line
6c374d329846a7fc,py/cyclic-import,bd_platform/pro_trader_layer.py,295,Import of module [bd_platform.retail_intelligence_layer](1) begins an import cycle.,,recommendation,high,,production,internet_facing_api,production,QUALITY_TECHNICAL_DEBT,Stylistic/architectural finding without proven runtime/security impact.,no,n/a,accepted_debt,still_present_exact_line
a4a62e5b4fc05a11,py/cyclic-import,bd_platform/pro_trader_layer.py,406,Import of module [bd_platform.market_analysis_layer](1) begins an import cycle.,,recommendation,high,,production,internet_facing_api,production,QUALITY_TECHNICAL_DEBT,Stylistic/architectural finding without proven runtime/security impact.,no,n/a,accepted_debt,still_present_exact_line
0dc34ce69a1d2196,py/cyclic-import,bd_platform/pro_trader_layer.py,412,Import of module [bd_platform.arbitrage_portfolio_ux_layer](1) begins an import cycle.,,recommendation,high,,production,internet_facing_api,production,QUALITY_TECHNICAL_DEBT,Stylistic/architectural finding without proven runtime/security impact.,no,n/a,accepted_debt,still_present_exact_line
78939999bcdafffe,py/cyclic-import,bd_platform/pro_trader_layer.py,418,Import of module [bd_platform.onchain_defi_sources_layer](1) begins an import cycle.,,recommendation,high,,production,internet_facing_api,production,QUALITY_TECHNICAL_DEBT,Stylistic/architectural finding without proven runtime/security impact.,no,n/a,accepted_debt,still_present_exact_line
7febc5528c7af6d2,py/cyclic-import,bd_platform/pro_trader_layer.py,526,Import of module [bd_platform.market_analysis_layer](1) begins an import cycle.,,recommendation,high,,production,internet_facing_api,production,QUALITY_TECHNICAL_DEBT,Stylistic/architectural finding without proven runtime/security impact.,no,n/a,accepted_debt,still_present_exact_line
598156805cf2c20d,py/cyclic-import,bd_platform/pro_trader_layer.py,532,Import of module [bd_platform.onchain_platform_layer](1) begins an import cycle.,,recommendation,high,,production,internet_facing_api,production,QUALITY_TECHNICAL_DEBT,Stylistic/architectural finding without proven runtime/security impact.,no,n/a,accepted_debt,still_present_exact_line
460ead79e91f5870,py/cyclic-import,bd_platform/pro_trader_layer.py,598,Import of module [bd_platform.market_analysis_layer](1) begins an import cycle.,,recommendation,high,,production,internet_facing_api,production,QUALITY_TECHNICAL_DEBT,Stylistic/architectural finding without proven runtime/security impact.,no,n/a,accepted_debt,still_present_exact_line
c4efec1c49cf425f,py/cyclic-import,bd_platform/pro_trader_layer.py,604,Import of module [bd_platform.arbitrage_portfolio_ux_layer](1) begins an import cycle.,,recommendation,high,,production,internet_facing_api,production,QUALITY_TECHNICAL_DEBT,Stylistic/architectural finding without proven runtime/security impact.,no,n/a,accepted_debt,still_present_exact_line
888d2ba595aec5cb,py/cyclic-import,bd_platform/pro_trader_layer.py,610,Import of module [bd_platform.intelligence_market_extensions_layer](1) begins an import cycle.,,recommendation,high,,production,internet_facing_api,production,QUALITY_TECHNICAL_DEBT,Stylistic/architectural finding without proven runtime/security impact.,no,n/a,accepted_debt,still_present_exact_line
a0565f186a235fb8,py/cyclic-import,bd_platform/pro_trader_layer.py,743,Import of module [bd_platform.advanced_ta_risk_layer](1) begins an import cycle.,,recommendation,high,,production,internet_facing_api,production,QUALITY_TECHNICAL_DEBT,Stylistic/architectural finding without proven runtime/security impact.,no,n/a,accepted_debt,still_present_exact_line
0a34768b9082e0a0,py/cyclic-import,bd_platform/pro_trader_layer.py,749,Import of module [bd_platform.intelligence_market_extensions_layer](1) begins an import cycle.,,recommendation,high,,production,internet_facing_api,production,QUALITY_TECHNICAL_DEBT,Stylistic/architectural finding without proven runtime/security impact.,no,n/a,accepted_debt,still_present_exact_line
c1570ea30e57a5b6,py/cyclic-import,bd_platform/pro_trader_layer.py,785,Import of module [bd_platform.retail_intelligence_layer](1) begins an import cycle.,,recommendation,high,,production,internet_facing_api,production,QUALITY_TECHNICAL_DEBT,Stylistic/architectural finding without proven runtime/security impact.,no,n/a,accepted_debt,still_present_exact_line
12a8722c90362724,py/cyclic-import,bd_platform/pro_trader_layer.py,794,Import of module [bd_platform.institutional_b2b_layer](1) begins an import cycle.,,recommendation,high,,production,internet_facing_api,production,QUALITY_TECHNICAL_DEBT,Stylistic/architectural finding without proven runtime/security impact.,no,n/a,accepted_debt,still_present_exact_line
52f98a0158196439,py/cyclic-import,ml/regime_router.py,93,Import of module [ml.inference](1) begins an import cycle.,,recommendation,high,,production,internet_facing_api,production,QUALITY_TECHNICAL_DEBT,Stylistic/architectural finding without proven runtime/security impact.,no,n/a,accepted_debt,still_present_exact_line
7d127bbbebd620ed,py/cyclic-import,blackdark/canonical/registry.py,10,Import of module [config](1) begins an import cycle.,,recommendation,high,,production,internet_facing_api,production,QUALITY_TECHNICAL_DEBT,Stylistic/architectural finding without proven runtime/security impact.,no,n/a,accepted_debt,still_present_exact_line
6e5f1693179e66e5,py/cyclic-import,blackdark/canonical/registry.py,19,Import of module [platform_universe](1) begins an import cycle.,,recommendation,high,,production,internet_facing_api,production,QUALITY_TECHNICAL_DEBT,Stylistic/architectural finding without proven runtime/security impact.,no,n/a,accepted_debt,still_present_exact_line
b6b1918d0b4656fd,py/cyclic-import,blackdark/canonical/resolver.py,7,Import of module [blackdark.canonical.registry](1) begins an import cycle.,,recommendation,high,,production,internet_facing_api,production,QUALITY_TECHNICAL_DEBT,Stylistic/architectural finding without proven runtime/security impact.,no,n/a,accepted_debt,still_present_exact_line
7af63d1f39c58e8b,py/cyclic-import,bd_platform/retail_intelligence_layer.py,283,Import of module [bd_platform.data_sources_layer](1) begins an import cycle.,,recommendation,high,,production,internet_facing_api,production,QUALITY_TECHNICAL_DEBT,Stylistic/architectural finding without proven runtime/security impact.,no,n/a,accepted_debt,still_present_exact_line
d45847f3c22d93ca,py/cyclic-import,bd_platform/risk_infrastructure_layer.py,447,Import of module [bd_platform.institutional_b2b_layer](1) begins an import cycle.,,recommendation,high,,production,internet_facing_api,production,QUALITY_TECHNICAL_DEBT,Stylistic/architectural finding without proven runtime/security impact.,no,n/a,accepted_debt,still_present_exact_line
39597cb41d421fab,py/cyclic-import,bd_platform/risk_infrastructure_layer.py,470,Import of module [bd_platform.institutional_b2b_layer](1) begins an import cycle.,,recommendation,high,,production,internet_facing_api,production,QUALITY_TECHNICAL_DEBT,Stylistic/architectural finding without proven runtime/security impact.,no,n/a,accepted_debt,still_present_exact_line
20882722d018c772,py/cyclic-import,bd_platform/risk_infrastructure_layer.py,552,Import of module [bd_platform.onchain_platform_layer](1) begins an import cycle.,,recommendation,high,,production,internet_facing_api,production,QUALITY_TECHNICAL_DEBT,Stylistic/architectural finding without proven runtime/security impact.,no,n/a,accepted_debt,still_present_exact_line
bc8c0e2ce4366161,py/cyclic-import,bd_platform/risk_infrastructure_layer.py,575,Import of module [bd_platform.whales_institutional_layer](1) begins an import cycle.,,recommendation,high,,production,internet_facing_api,production,QUALITY_TECHNICAL_DEBT,Stylistic/architectural finding without proven runtime/security impact.,no,n/a,accepted_debt,still_present_exact_line
0d84bd405355ba66,py/cyclic-import,cap646/runtime.py,111,Import of module [cap978.verify](1) begins an import cycle.,,recommendation,high,,production,internet_facing_api,production,QUALITY_TECHNICAL_DEBT,Stylistic/architectural finding without proven runtime/security impact.,no,n/a,accepted_debt,still_present_exact_line
531cd7d151108ee4,py/cyclic-import,scale_readiness.py,40,Import of module [institutional_assurance](1) begins an import cycle.,,recommendation,high,,production,internet_facing_api,production,QUALITY_TECHNICAL_DEBT,Stylistic/architectural finding without proven runtime/security impact.,no,n/a,accepted_debt,still_present_exact_line
b35084983220b629,py/cyclic-import,scale_readiness.py,79,Import of module [viral_capacity](1) begins an import cycle.,,recommendation,high,,production,internet_facing_api,production,QUALITY_TECHNICAL_DEBT,Stylistic/architectural finding without proven runtime/security impact.,no,n/a,accepted_debt,still_present_exact_line
3b73dcb35d74a9d5,py/cyclic-import,scan_coordinator.py,51,Import of module [arbitrage_service](1) begins an import cycle.,,recommendation,high,,production,internet_facing_api,production,QUALITY_TECHNICAL_DEBT,Stylistic/architectural finding without proven runtime/security impact.,no,n/a,accepted_debt,still_present_exact_line
efc0fc89d23350a3,py/cyclic-import,security_auth.py,181,Import of module [auth_service](1) begins an import cycle.,,recommendation,high,,production,internet_facing_api,production,QUALITY_TECHNICAL_DEBT,Stylistic/architectural finding without proven runtime/security impact.,no,n/a,accepted_debt,still_present_exact_line
b5ef45d50f023e25,py/cyclic-import,security_auth.py,236,Import of module [admin_mfa](1) begins an import cycle.,,recommendation,high,,production,internet_facing_api,production,QUALITY_TECHNICAL_DEBT,Stylistic/architectural finding without proven runtime/security impact.,no,n/a,accepted_debt,still_present_exact_line
feba781839ecb138,py/cyclic-import,security_posture.py,12,Import of module [pentest_attestation](1) begins an import cycle.,,recommendation,high,,production,internet_facing_api,production,QUALITY_TECHNICAL_DEBT,Stylistic/architectural finding without proven runtime/security impact.,no,n/a,accepted_debt,still_present_exact_line
38b26d4b5bf167ba,py/cyclic-import,site_services.py,56,Import of module [commercial_support](1) begins an import cycle.,,recommendation,high,,production,internet_facing_api,production,QUALITY_TECHNICAL_DEBT,Stylistic/architectural finding without proven runtime/security impact.,no,n/a,accepted_debt,still_present_exact_line
65c05d44de65b34d,py/cyclic-import,site_services.py,352,Import of module [viral_capacity](1) begins an import cycle.,,recommendation,high,,production,internet_facing_api,production,QUALITY_TECHNICAL_DEBT,Stylistic/architectural finding without proven runtime/security impact.,no,n/a,accepted_debt,still_present_exact_line
c49e3510a137e8d4,py/cyclic-import,billing/subscription_engine.py,14,Import of module [config](1) begins an import cycle.,,recommendation,high,,production,internet_facing_api,production,QUALITY_TECHNICAL_DEBT,Stylistic/architectural finding without proven runtime/security impact.,no,n/a,accepted_debt,still_present_exact_line
81d15cb688700cdb,py/cyclic-import,billing/subscription_engine.py,16,Import of module [billing.audit_ledger](1) begins an import cycle.,,recommendation,high,,production,internet_facing_api,production,QUALITY_TECHNICAL_DEBT,Stylistic/architectural finding without proven runtime/security impact.,no,n/a,accepted_debt,still_present_exact_line
7afa6fc2eb720744,py/cyclic-import,billing/subscription_engine.py,18,Import of module [billing.subscription_store](1) begins an import cycle.,,recommendation,high,,production,internet_facing_api,production,QUALITY_TECHNICAL_DEBT,Stylistic/architectural finding without proven runtime/security impact.,no,n/a,accepted_debt,still_present_exact_line
b564de76d1807a97,py/cyclic-import,billing/subscription_engine.py,60,Import of module [database](1) begins an import cycle.,,recommendation,high,,production,internet_facing_api,production,QUALITY_TECHNICAL_DEBT,Stylistic/architectural finding without proven runtime/security impact.,no,n/a,accepted_debt,still_present_exact_line
edc244af505ba0f2,py/cyclic-import,billing/subscription_engine.py,63,Import of module [database](1) begins an import cycle.,,recommendation,high,,production,internet_facing_api,production,QUALITY_TECHNICAL_DEBT,Stylistic/architectural finding without proven runtime/security impact.,no,n/a,accepted_debt,still_present_exact_line
c045b24c22ef40e3,py/cyclic-import,billing/subscription_engine.py,132,Import of module [database](1) begins an import cycle.,,recommendation,high,,production,internet_facing_api,production,QUALITY_TECHNICAL_DEBT,Stylistic/architectural finding without proven runtime/security impact.,no,n/a,accepted_debt,still_present_exact_line
e22fe9319fa120d1,py/cyclic-import,billing/subscription_store.py,35,Import of module [database](1) begins an import cycle.,,recommendation,high,,production,internet_facing_api,production,QUALITY_TECHNICAL_DEBT,Stylistic/architectural finding without proven runtime/security impact.,no,n/a,accepted_debt,still_present_exact_line
6ba2c10c24b863da,py/cyclic-import,billing/subscription_store.py,81,Import of module [database](1) begins an import cycle.,,recommendation,high,,production,internet_facing_api,production,QUALITY_TECHNICAL_DEBT,Stylistic/architectural finding without proven runtime/security impact.,no,n/a,accepted_debt,still_present_exact_line
ee294edf822f63a7,py/cyclic-import,billing/subscription_store.py,94,Import of module [database](1) begins an import cycle.,,recommendation,high,,production,internet_facing_api,production,QUALITY_TECHNICAL_DEBT,Stylistic/architectural finding without proven runtime/security impact.,no,n/a,accepted_debt,still_present_exact_line
0926353914de0639,py/cyclic-import,billing/subscription_store.py,113,Import of module [database](1) begins an import cycle.,,recommendation,high,,production,internet_facing_api,production,QUALITY_TECHNICAL_DEBT,Stylistic/architectural finding without proven runtime/security impact.,no,n/a,accepted_debt,still_present_exact_line
fc9ae7e11589be9e,py/cyclic-import,billing/subscription_store.py,153,Import of module [database](1) begins an import cycle.,,recommendation,high,,production,internet_facing_api,production,QUALITY_TECHNICAL_DEBT,Stylistic/architectural finding without proven runtime/security impact.,no,n/a,accepted_debt,still_present_exact_line
c04fcfb0828be12f,py/cyclic-import,billing/subscription_store.py,227,Import of module [database](1) begins an import cycle.,,recommendation,high,,production,internet_facing_api,production,QUALITY_TECHNICAL_DEBT,Stylistic/architectural finding without proven runtime/security impact.,no,n/a,accepted_debt,still_present_exact_line
373da70124ba68d4,py/cyclic-import,billing/subscription_store.py,248,Import of module [database](1) begins an import cycle.,,recommendation,high,,production,internet_facing_api,production,QUALITY_TECHNICAL_DEBT,Stylistic/architectural finding without proven runtime/security impact.,no,n/a,accepted_debt,still_present_exact_line
341855957e52ad36,py/cyclic-import,trust_os_lenses.py,196,Import of module [audience_routing](1) begins an import cycle.,,recommendation,high,,production,internet_facing_api,production,QUALITY_TECHNICAL_DEBT,Stylistic/architectural finding without proven runtime/security impact.,no,n/a,accepted_debt,still_present_exact_line
415be4c0e2ca1103,py/cyclic-import,cap978/verify.py,12,Import of module [cap646.functional_dod](1) begins an import cycle.,,recommendation,high,,production,internet_facing_api,production,QUALITY_TECHNICAL_DEBT,Stylistic/architectural finding without proven runtime/security impact.,no,n/a,accepted_debt,still_present_exact_line
bb9808c82dbe5cc8,py/cyclic-import,cap978/verify.py,50,Import of module [cap646.runtime](1) begins an import cycle.,,recommendation,high,,production,internet_facing_api,production,QUALITY_TECHNICAL_DEBT,Stylistic/architectural finding without proven runtime/security impact.,no,n/a,accepted_debt,still_present_exact_line
816e00c9a0f6b88b,py/cyclic-import,cap978/verify.py,108,Import of module [cap646.functional_dod](1) begins an import cycle.,,recommendation,high,,production,internet_facing_api,production,QUALITY_TECHNICAL_DEBT,Stylistic/architectural finding without proven runtime/security impact.,no,n/a,accepted_debt,still_present_exact_line
68d4ac4481eaef2a,py/cyclic-import,viral_capacity.py,507,Import of module [scale_readiness](1) begins an import cycle.,,recommendation,high,,production,internet_facing_api,production,QUALITY_TECHNICAL_DEBT,Stylistic/architectural finding without proven runtime/security impact.,no,n/a,accepted_debt,still_present_exact_line
0e7b556f8d528a13,py/cyclic-import,billing/webhook_processor.py,147,Import of module [billing_service](1) begins an import cycle.,,recommendation,high,,production,internet_facing_api,production,QUALITY_TECHNICAL_DEBT,Stylistic/architectural finding without proven runtime/security impact.,no,n/a,accepted_debt,still_present_exact_line
a678738f6939d218,py/cyclic-import,weight_aggregator.py,15,Import of module [model_weights_guard](1) begins an import cycle.,,recommendation,high,,production,internet_facing_api,production,QUALITY_TECHNICAL_DEBT,Stylistic/architectural finding without proven runtime/security impact.,no,n/a,accepted_debt,still_present_exact_line
02f4b3d089e778e5,py/cyclic-import,bd_platform/whales_institutional_layer.py,189,Import of module [bd_platform.market_analysis_layer](1) begins an import cycle.,,recommendation,high,,production,internet_facing_api,production,QUALITY_TECHNICAL_DEBT,Stylistic/architectural finding without proven runtime/security impact.,no,n/a,accepted_debt,still_present_exact_line
d6fc239dc7b71183,py/cyclic-import,bd_platform/whales_institutional_layer.py,212,Import of module [bd_platform.advanced_ta_risk_layer](1) begins an import cycle.,,recommendation,high,,production,internet_facing_api,production,QUALITY_TECHNICAL_DEBT,Stylistic/architectural finding without proven runtime/security impact.,no,n/a,accepted_debt,still_present_exact_line
938b0b017c443971,py/cyclic-import,bd_platform/whales_institutional_layer.py,218,Import of module [bd_platform.risk_infrastructure_layer](1) begins an import cycle.,,recommendation,high,,production,internet_facing_api,production,QUALITY_TECHNICAL_DEBT,Stylistic/architectural finding without proven runtime/security impact.,no,n/a,accepted_debt,still_present_exact_line
01c41ab2fcee9a8e,py/cyclic-import,bd_platform/whales_institutional_layer.py,224,Import of module [bd_platform.arbitrage_portfolio_ux_layer](1) begins an import cycle.,,recommendation,high,,production,internet_facing_api,production,QUALITY_TECHNICAL_DEBT,Stylistic/architectural finding without proven runtime/security impact.,no,n/a,accepted_debt,still_present_exact_line
6c6f49143f757761,py/cyclic-import,bd_platform/whales_institutional_layer.py,407,Import of module [bd_platform.pro_trader_layer](1) begins an import cycle.,,recommendation,high,,production,internet_facing_api,production,QUALITY_TECHNICAL_DEBT,Stylistic/architectural finding without proven runtime/security impact.,no,n/a,accepted_debt,still_present_exact_line
0d3d46615a9cacf2,py/cyclic-import,bd_platform/whales_institutional_layer.py,475,Import of module [bd_platform.market_analysis_layer](1) begins an import cycle.,,recommendation,high,,production,internet_facing_api,production,QUALITY_TECHNICAL_DEBT,Stylistic/architectural finding without proven runtime/security impact.,no,n/a,accepted_debt,still_present_exact_line
73be884d0d23bc0f,py/import-and-import-from,tests/test_b2b_websocket_lifecycle.py,19,Module 'b2b_websocket_hub' is imported with both 'import' and 'import from'.,,recommendation,very-high,,test,test_harness,test,QUALITY_TECHNICAL_DEBT,Stylistic/architectural finding without proven runtime/security impact.,no,n/a,accepted_debt,still_present_exact_line
470a3c02541785fa,py/import-and-import-from,tests/test_b2b_websocket_lifecycle.py,34,Module 'b2b_websocket_hub' is imported with both 'import' and 'import from'.,,recommendation,very-high,,test,test_harness,test,QUALITY_TECHNICAL_DEBT,Stylistic/architectural finding without proven runtime/security impact.,no,n/a,accepted_debt,still_present_exact_line
f3f288ad5cf5ac6d,py/import-and-import-from,tests/test_b2b_websocket_lifecycle.py,45,Module 'b2b_websocket_hub' is imported with both 'import' and 'import from'.,,recommendation,very-high,,test,test_harness,test,QUALITY_TECHNICAL_DEBT,Stylistic/architectural finding without proven runtime/security impact.,no,n/a,accepted_debt,still_present_exact_line
742a8043ff26b0fb,py/import-and-import-from,tests/test_b2b_websocket_lifecycle.py,71,Module 'b2b_websocket_hub' is imported with both 'import' and 'import from'.,,recommendation,very-high,,test,test_harness,test,QUALITY_TECHNICAL_DEBT,Stylistic/architectural finding without proven runtime/security impact.,no,n/a,accepted_debt,still_present_exact_line
31265600ba05fe2a,py/import-and-import-from,tests/test_billing_subscription_engine.py,11,Module 'database' is imported with both 'import' and 'import from'.,,recommendation,very-high,,test,test_harness,test,QUALITY_TECHNICAL_DEBT,Stylistic/architectural finding without proven runtime/security impact.,no,n/a,accepted_debt,still_present_exact_line
f50f8faa5e2be64d,py/import-and-import-from,tests/cap646/test_dedicated_common.py,84,Module 'cap646.dedicated_common' is imported with both 'import' and 'import from'.,,recommendation,very-high,,test,test_harness,test,QUALITY_TECHNICAL_DEBT,Stylistic/architectural finding without proven runtime/security impact.,no,n/a,accepted_debt,still_present_exact_line
239eddb826ccc6c8,py/import-and-import-from,tests/test_fee_matrix.py,9,Module 'fee_matrix' is imported with both 'import' and 'import from'.,,recommendation,very-high,,test,test_harness,test,QUALITY_TECHNICAL_DEBT,Stylistic/architectural finding without proven runtime/security impact.,no,n/a,accepted_debt,still_present_exact_line
ad106cf70c7d50e9,py/import-and-import-from,tests/test_heroes_strategy.py,59,Module 'discipline_mirror' is imported with both 'import' and 'import from'.,,recommendation,very-high,,test,test_harness,test,QUALITY_TECHNICAL_DEBT,Stylistic/architectural finding without proven runtime/security impact.,no,n/a,accepted_debt,still_present_exact_line
0bb582fd6ab1af11,py/import-and-import-from,tests/test_pentest_attestation.py,34,Module 'pentest_attestation' is imported with both 'import' and 'import from'.,,recommendation,very-high,,test,test_harness,test,QUALITY_TECHNICAL_DEBT,Stylistic/architectural finding without proven runtime/security impact.,no,n/a,accepted_debt,still_present_exact_line
0b20313feae9616d,py/import-and-import-from,tests/test_pentest_attestation.py,51,Module 'pentest_attestation' is imported with both 'import' and 'import from'.,,recommendation,very-high,,test,test_harness,test,QUALITY_TECHNICAL_DEBT,Stylistic/architectural finding without proven runtime/security impact.,no,n/a,accepted_debt,still_present_exact_line
978fc268f10e3cbc,py/import-and-import-from,tests/test_pentest_attestation.py,66,Module 'pentest_attestation' is imported with both 'import' and 'import from'.,,recommendation,very-high,,test,test_harness,test,QUALITY_TECHNICAL_DEBT,Stylistic/architectural finding without proven runtime/security impact.,no,n/a,accepted_debt,still_present_exact_line
d7b8ed5ca758d453,py/import-and-import-from,tests/test_pentest_attestation.py,102,Module 'pentest_attestation' is imported with both 'import' and 'import from'.,,recommendation,very-high,,test,test_harness,test,QUALITY_TECHNICAL_DEBT,Stylistic/architectural finding without proven runtime/security impact.,no,n/a,accepted_debt,still_present_exact_line
47f651f9f7d80e9a,py/import-and-import-from,tests/test_postgres_migration_integrity.py,30,Module 'postgres_backend' is imported with both 'import' and 'import from'.,,recommendation,very-high,,test,test_harness,test,QUALITY_TECHNICAL_DEBT,Stylistic/architectural finding without proven runtime/security impact.,no,n/a,accepted_debt,still_present_exact_line
aaf58dd9dce03c32,py/import-and-import-from,tests/test_postgres_migration_integrity.py,68,Module 'postgres_backend' is imported with both 'import' and 'import from'.,,recommendation,very-high,,test,test_harness,test,QUALITY_TECHNICAL_DEBT,Stylistic/architectural finding without proven runtime/security impact.,no,n/a,accepted_debt,still_present_exact_line
f072214525e5db1f,py/import-and-import-from,tests/test_postgres_migration_integrity.py,125,Module 'postgres_backend' is imported with both 'import' and 'import from'.,,recommendation,very-high,,test,test_harness,test,QUALITY_TECHNICAL_DEBT,Stylistic/architectural finding without proven runtime/security impact.,no,n/a,accepted_debt,still_present_exact_line
f34bd132d44e6d6c,py/import-and-import-from,tests/test_production_e2e_hardening.py,13,Module 'database' is imported with both 'import' and 'import from'.,,recommendation,very-high,,test,test_harness,test,QUALITY_TECHNICAL_DEBT,Stylistic/architectural finding without proven runtime/security impact.,no,n/a,accepted_debt,still_present_exact_line
4d56116dc45e9549,py/import-and-import-from,tests/test_production_e2e_hardening.py,34,Module 'database' is imported with both 'import' and 'import from'.,,recommendation,very-high,,test,test_harness,test,QUALITY_TECHNICAL_DEBT,Stylistic/architectural finding without proven runtime/security impact.,no,n/a,accepted_debt,still_present_exact_line
8a28d83311059ab8,py/import-and-import-from,tests/test_site_companion_services.py,40,Module 'site_services' is imported with both 'import' and 'import from'.,,recommendation,very-high,,test,test_harness,test,QUALITY_TECHNICAL_DEBT,Stylistic/architectural finding without proven runtime/security impact.,no,n/a,accepted_debt,still_present_exact_line
121fc0f11e83317e,py/import-and-import-from,tests/test_sonar_new_coverage_closure.py,18,Module 'arbitrage_engine' is imported with both 'import' and 'import from'.,,recommendation,very-high,,test,test_harness,test,QUALITY_TECHNICAL_DEBT,Stylistic/architectural finding without proven runtime/security impact.,no,n/a,accepted_debt,still_present_exact_line
aa8dcab0f1f2835b,py/import-and-import-from,tests/test_sonar_new_coverage_closure.py,138,Module 'path_safety' is imported with both 'import' and 'import from'.,,recommendation,very-high,,test,test_harness,test,QUALITY_TECHNICAL_DEBT,Stylistic/architectural finding without proven runtime/security impact.,no,n/a,accepted_debt,still_present_exact_line
e10c6d8365e437e3,py/import-and-import-from,tests/test_universe_rollout.py,36,Module 'universe_rollout' is imported with both 'import' and 'import from'.,,recommendation,very-high,,test,test_harness,test,QUALITY_TECHNICAL_DEBT,Stylistic/architectural finding without proven runtime/security impact.,no,n/a,accepted_debt,still_present_exact_line
79ad0aa05364a079,py/import-and-import-from,tests/test_viral_capacity.py,170,Module 'viral_capacity' is imported with both 'import' and 'import from'.,,recommendation,very-high,,test,test_harness,test,QUALITY_TECHNICAL_DEBT,Stylistic/architectural finding without proven runtime/security impact.,no,n/a,accepted_debt,still_present_exact_line
922e8384f4c9e9ae,py/unsafe-cyclic-import,data_sources_registry.py,218,"'EXTRA_DATA_SOURCES' may not be defined if module [data_sources_extra](1) is imported before module [data_sources_registry](2), as the [definition](3) of EXTRA_DATA_SOURCES occurs after the cyclic [import](4) of data_sources_registry.",,error,high,,production,internet_facing_api,production,QUALITY_TECHNICAL_DEBT,Reviewed py/unsafe-cyclic-import; no proven runtime defect at data_sources_registry.py:218.,no,n/a,accepted_debt,still_present_exact_line
f031df1635f381c9,py/repeated-import,dashboard.py,4660,"This import of module config is redundant, as it was previously imported [on line 49](1).",,recommendation,very-high,,production,internet_facing_api,production,QUALITY_TECHNICAL_DEBT,Stylistic/architectural finding without proven runtime/security impact.,no,n/a,accepted_debt,still_present_exact_line
ef3821aef5b3aef3,py/repeated-import,dashboard.py,4688,"This import of module config is redundant, as it was previously imported [on line 49](1).",,recommendation,very-high,,production,internet_facing_api,production,QUALITY_TECHNICAL_DEBT,Stylistic/architectural finding without proven runtime/security impact.,no,n/a,accepted_debt,still_present_exact_line
34140f5cd9198c7b,py/repeated-import,database.py,2202,"This import of module config is redundant, as it was previously imported [on line 23](1).",,recommendation,very-high,,production,internet_facing_api,production,QUALITY_TECHNICAL_DEBT,Stylistic/architectural finding without proven runtime/security impact.,no,n/a,accepted_debt,absent_from_final_sarif
cb06f5d10aaf025a,py/repeated-import,database.py,3643,"This import of module config is redundant, as it was previously imported [on line 23](1).",,recommendation,very-high,,production,internet_facing_api,production,QUALITY_TECHNICAL_DEBT,Stylistic/architectural finding without proven runtime/security impact.,no,n/a,accepted_debt,absent_from_final_sarif
7833f072c136bc8b,py/repeated-import,database.py,4616,"This import of module json is redundant, as it was previously imported [on line 13](1).",,recommendation,very-high,,production,internet_facing_api,production,QUALITY_TECHNICAL_DEBT,Stylistic/architectural finding without proven runtime/security impact.,no,n/a,accepted_debt,absent_from_final_sarif
bd0abbceb2177c85,py/repeated-import,database.py,4662,"This import of module json is redundant, as it was previously imported [on line 13](1).",,recommendation,very-high,,production,internet_facing_api,production,QUALITY_TECHNICAL_DEBT,Stylistic/architectural finding without proven runtime/security impact.,no,n/a,accepted_debt,absent_from_final_sarif
bc8ead17d42a4f2a,py/repeated-import,cap646/institutional_official_production.py,205,"This import of module importlib is redundant, as it was previously imported [on line 5](1).",,recommendation,very-high,,production,internet_facing_api,production,QUALITY_TECHNICAL_DEBT,Stylistic/architectural finding without proven runtime/security impact.,no,n/a,accepted_debt,still_present_exact_line
80addb2e1633c322,py/repeated-import,tests/test_production_e2e_hardening.py,33,"This import of module asyncio is redundant, as it was previously imported [on line 5](1).",,recommendation,very-high,,test,test_harness,test,QUALITY_TECHNICAL_DEBT,Stylistic/architectural finding without proven runtime/security impact.,no,n/a,accepted_debt,still_present_exact_line
966bb373a652944f,py/repeated-import,tests/test_subscription_dialect_safety.py,73,"This import of module asyncio is redundant, as it was previously imported [on line 5](1).",,recommendation,very-high,,test,test_harness,test,QUALITY_TECHNICAL_DEBT,Stylistic/architectural finding without proven runtime/security impact.,no,n/a,accepted_debt,still_present_exact_line
c0e164093e2264c9,py/repeated-import,viral_capacity.py,99,"This import of module json is redundant, as it was previously imported [on line 18](1).",,recommendation,very-high,,production,internet_facing_api,production,QUALITY_TECHNICAL_DEBT,Stylistic/architectural finding without proven runtime/security impact.,no,n/a,accepted_debt,still_present_exact_line
6fe65f78413043f8,py/unused-import,api/routers/admin_billing.py,7,Import of 'Depends' is not used.,,recommendation,very-high,,production,internet_facing_api,production,QUALITY_TECHNICAL_DEBT,Stylistic/architectural finding without proven runtime/security impact.,no,n/a,accepted_debt,still_present_exact_line
6ec7d21187dc78b2,py/unused-import,decision_truth/admission.py,5,Import of 'Any' is not used.,,recommendation,very-high,,production,internet_facing_api,production,QUALITY_TECHNICAL_DEBT,Stylistic/architectural finding without proven runtime/security impact.,no,n/a,accepted_debt,still_present_exact_line
1df32835f0aee618,py/unused-import,bd_platform/advanced_ta_risk_layer.py,12,Import of 'math' is not used.,,recommendation,very-high,,production,internet_facing_api,production,QUALITY_TECHNICAL_DEBT,Stylistic/architectural finding without proven runtime/security impact.,no,n/a,accepted_debt,still_present_exact_line
c915fe50b70bdb44,py/unused-import,bd_platform/advanced_ta_risk_layer.py,14,Import of 'uuid' is not used.,,recommendation,very-high,,production,internet_facing_api,production,QUALITY_TECHNICAL_DEBT,Stylistic/architectural finding without proven runtime/security impact.,no,n/a,accepted_debt,still_present_exact_line
2bfb76773e2b1e5a,py/unused-import,bd_platform/advanced_ta_risk_layer.py,17,Import of 'Literal' is not used.,,recommendation,very-high,,production,internet_facing_api,production,QUALITY_TECHNICAL_DEBT,Stylistic/architectural finding without proven runtime/security impact.,no,n/a,accepted_debt,still_present_exact_line
b52a2c1ac0db48d7,py/unused-import,bd_platform/alpha_factor_ranking.py,5,Import of 'asyncio' is not used.,,recommendation,very-high,,production,internet_facing_api,production,QUALITY_TECHNICAL_DEBT,Stylistic/architectural finding without proven runtime/security impact.,no,n/a,accepted_debt,still_present_exact_line
6cd55c00cfb1031e,py/unused-import,blackdark/ingestion/alternative_me_connector.py,10,Import of 'json' is not used.,,recommendation,very-high,,production,internet_facing_api,production,QUALITY_TECHNICAL_DEBT,Stylistic/architectural finding without proven runtime/security impact.,no,n/a,accepted_debt,still_present_exact_line
f939be39c4162a17,py/unused-import,arbitrage_engine.py,51,Import of 'WITHDRAWAL_FEE_USDT' is not used.,,recommendation,very-high,,production,internet_facing_api,production,QUALITY_TECHNICAL_DEBT,Stylistic/architectural finding without proven runtime/security impact.,no,n/a,accepted_debt,still_present_exact_line
5a07ce0ffd337cbb,py/unused-import,scripts/audit_pdf_capabilities_checklist.py,6,Import of 'json' is not used.,,recommendation,very-high,,operator_cli,operator_local,operator_cli,QUALITY_TECHNICAL_DEBT,Stylistic/architectural finding without proven runtime/security impact.,no,n/a,accepted_debt,still_present_exact_line
4ffd37723e20f2db,py/unused-import,cap646/batch01_production.py,49,Import of 'ai_compliance_footer' is not used.,,recommendation,very-high,,production,internet_facing_api,production,QUALITY_TECHNICAL_DEBT,Stylistic/architectural finding without proven runtime/security impact.,no,n/a,accepted_debt,still_present_exact_line
10294025122e3cd6,py/unused-import,cap646/batch02_dedicated.py,8,Import of 'time' is not used.,,recommendation,very-high,,production,internet_facing_api,production,QUALITY_TECHNICAL_DEBT,Stylistic/architectural finding without proven runtime/security impact.,no,n/a,accepted_debt,still_present_exact_line
3b415dfe6be6d27e,py/unused-import,cap646/batch02_dedicated.py,11,Import of '_addr' is not used.,,recommendation,very-high,,production,internet_facing_api,production,QUALITY_TECHNICAL_DEBT,Stylistic/architectural finding without proven runtime/security impact.,no,n/a,accepted_debt,still_present_exact_line
593540e47590c085,py/unused-import,cap646/batch02_dedicated.py,15,Import of '_sym' is not used.,,recommendation,very-high,,production,internet_facing_api,production,QUALITY_TECHNICAL_DEBT,Stylistic/architectural finding without proven runtime/security impact.,no,n/a,accepted_debt,still_present_exact_line
efb87c5bef79fdbf,py/unused-import,cap646/batch02_production.py,16,Import of 'ai_compliance_footer' is not used.,,recommendation,very-high,,production,internet_facing_api,production,QUALITY_TECHNICAL_DEBT,Stylistic/architectural finding without proven runtime/security impact.,no,n/a,accepted_debt,still_present_exact_line
a4baf2d9a5f681a0,py/unused-import,cap646/batch03_dedicated.py,12,Import of '_addr' is not used.,,recommendation,very-high,,production,internet_facing_api,production,QUALITY_TECHNICAL_DEBT,Stylistic/architectural finding without proven runtime/security impact.,no,n/a,accepted_debt,still_present_exact_line
aa09aaee2e470672,py/unused-import,cap646/batch03_dedicated.py,16,Import of '_sym' is not used.,,recommendation,very-high,,production,internet_facing_api,production,QUALITY_TECHNICAL_DEBT,Stylistic/architectural finding without proven runtime/security impact.,no,n/a,accepted_debt,still_present_exact_line
56ce61c80eead91b,py/unused-import,cap646/batch03_dedicated.py,17,Import of 'ai_compliance_footer' is not used.,,recommendation,very-high,,production,internet_facing_api,production,QUALITY_TECHNICAL_DEBT,Stylistic/architectural finding without proven runtime/security impact.,no,n/a,accepted_debt,still_present_exact_line
ecf4066ba390e466,py/unused-import,cap646/batch03_production.py,15,Import of 'ai_compliance_footer' is not used.,,recommendation,very-high,,production,internet_facing_api,production,QUALITY_TECHNICAL_DEBT,Stylistic/architectural finding without proven runtime/security impact.,no,n/a,accepted_debt,still_present_exact_line
4d76d5ecaa26be5d,py/unused-import,cap646/batch07_dedicated.py,10,Import of '_addr' is not used.,,recommendation,very-high,,production,internet_facing_api,production,QUALITY_TECHNICAL_DEBT,Stylistic/architectural finding without proven runtime/security impact.,no,n/a,accepted_debt,still_present_exact_line
d424e4e544f0b41e,py/unused-import,cap646/batch07_dedicated.py,13,Import of '_sym' is not used.,,recommendation,very-high,,production,internet_facing_api,production,QUALITY_TECHNICAL_DEBT,Stylistic/architectural finding without proven runtime/security impact.,no,n/a,accepted_debt,still_present_exact_line
be188e7368e5fcc9,py/unused-import,cap646/batch08_dedicated.py,10,Import of '_addr' is not used.,,recommendation,very-high,,production,internet_facing_api,production,QUALITY_TECHNICAL_DEBT,Stylistic/architectural finding without proven runtime/security impact.,no,n/a,accepted_debt,still_present_exact_line
34dbf09afdf92798,py/unused-import,cap646/batch08_dedicated.py,13,Import of '_sym' is not used.,,recommendation,very-high,,production,internet_facing_api,production,QUALITY_TECHNICAL_DEBT,Stylistic/architectural finding without proven runtime/security impact.,no,n/a,accepted_debt,still_present_exact_line
c2a2345fb6cb78e4,py/unused-import,cap646/batch09_dedicated.py,10,Import of '_addr' is not used.,,recommendation,very-high,,production,internet_facing_api,production,QUALITY_TECHNICAL_DEBT,Stylistic/architectural finding without proven runtime/security impact.,no,n/a,accepted_debt,still_present_exact_line
aef4822058ee37e5,py/unused-import,cap646/batch09_dedicated.py,13,Import of '_sym' is not used.,,recommendation,very-high,,production,internet_facing_api,production,QUALITY_TECHNICAL_DEBT,Stylistic/architectural finding without proven runtime/security impact.,no,n/a,accepted_debt,still_present_exact_line
d22bc20ddf873da0,py/unused-import,cap646/batch10_dedicated.py,10,Import of '_addr' is not used.,,recommendation,very-high,,production,internet_facing_api,production,QUALITY_TECHNICAL_DEBT,Stylistic/architectural finding without proven runtime/security impact.,no,n/a,accepted_debt,still_present_exact_line
df36e63c49c9107b,py/unused-import,cap646/batch10_dedicated.py,13,Import of '_sym' is not used.,,recommendation,very-high,,production,internet_facing_api,production,QUALITY_TECHNICAL_DEBT,Stylistic/architectural finding without proven runtime/security impact.,no,n/a,accepted_debt,still_present_exact_line
cd0230a85d9999a1,py/unused-import,cap646/batch11_dedicated.py,10,Import of '_addr' is not used.,,recommendation,very-high,,production,internet_facing_api,production,QUALITY_TECHNICAL_DEBT,Stylistic/architectural finding without proven runtime/security impact.,no,n/a,accepted_debt,still_present_exact_line
3a2a43592abe6f4d,py/unused-import,cap646/batch11_dedicated.py,13,Import of '_sym' is not used.,,recommendation,very-high,,production,internet_facing_api,production,QUALITY_TECHNICAL_DEBT,Stylistic/architectural finding without proven runtime/security impact.,no,n/a,accepted_debt,still_present_exact_line
21db04d106132cf6,py/unused-import,cap646/batch12_dedicated.py,10,Import of '_addr' is not used.,,recommendation,very-high,,production,internet_facing_api,production,QUALITY_TECHNICAL_DEBT,Stylistic/architectural finding without proven runtime/security impact.,no,n/a,accepted_debt,still_present_exact_line
5083f6c513701842,py/unused-import,cap646/batch12_dedicated.py,13,Import of '_sym' is not used.,,recommendation,very-high,,production,internet_facing_api,production,QUALITY_TECHNICAL_DEBT,Stylistic/architectural finding without proven runtime/security impact.,no,n/a,accepted_debt,still_present_exact_line
a83733710d575eee,py/unused-import,cap646/batch13_dedicated.py,10,Import of '_addr' is not used.,,recommendation,very-high,,production,internet_facing_api,production,QUALITY_TECHNICAL_DEBT,Stylistic/architectural finding without proven runtime/security impact.,no,n/a,accepted_debt,still_present_exact_line
44c47e5c30952c45,py/unused-import,cap646/batch13_dedicated.py,13,Import of '_sym' is not used.,,recommendation,very-high,,production,internet_facing_api,production,QUALITY_TECHNICAL_DEBT,Stylistic/architectural finding without proven runtime/security impact.,no,n/a,accepted_debt,still_present_exact_line
1aacbdacbaa2edd6,py/unused-import,cap646/batch14_dedicated.py,10,Import of '_addr' is not used.,,recommendation,very-high,,production,internet_facing_api,production,QUALITY_TECHNICAL_DEBT,Stylistic/architectural finding without proven runtime/security impact.,no,n/a,accepted_debt,still_present_exact_line
9e361409f897b74d,py/unused-import,cap646/batch14_dedicated.py,13,Import of '_sym' is not used.,,recommendation,very-high,,production,internet_facing_api,production,QUALITY_TECHNICAL_DEBT,Stylistic/architectural finding without proven runtime/security impact.,no,n/a,accepted_debt,still_present_exact_line
cdc3003efa203790,py/unused-import,cap646/batch15_dedicated.py,10,Import of '_addr' is not used.,,recommendation,very-high,,production,internet_facing_api,production,QUALITY_TECHNICAL_DEBT,Stylistic/architectural finding without proven runtime/security impact.,no,n/a,accepted_debt,still_present_exact_line
3c7d9a9b478ba3b6,py/unused-import,cap646/batch15_dedicated.py,13,Import of '_sym' is not used.,,recommendation,very-high,,production,internet_facing_api,production,QUALITY_TECHNICAL_DEBT,Stylistic/architectural finding without proven runtime/security impact.,no,n/a,accepted_debt,still_present_exact_line
4689687797bffa07,py/unused-import,cap646/batch16_dedicated.py,10,Import of '_addr' is not used.,,recommendation,very-high,,production,internet_facing_api,production,QUALITY_TECHNICAL_DEBT,Stylistic/architectural finding without proven runtime/security impact.,no,n/a,accepted_debt,still_present_exact_line
ec0f0ddd84afab3b,py/unused-import,cap646/batch16_dedicated.py,13,Import of '_sym' is not used.,,recommendation,very-high,,production,internet_facing_api,production,QUALITY_TECHNICAL_DEBT,Stylistic/architectural finding without proven runtime/security impact.,no,n/a,accepted_debt,still_present_exact_line
0ced5fc2c88c6fc4,py/unused-import,cap646/batch17_dedicated.py,10,Import of '_addr' is not used.,,recommendation,very-high,,production,internet_facing_api,production,QUALITY_TECHNICAL_DEBT,Stylistic/architectural finding without proven runtime/security impact.,no,n/a,accepted_debt,still_present_exact_line
76f5222007498aec,py/unused-import,cap646/batch17_dedicated.py,13,Import of '_sym' is not used.,,recommendation,very-high,,production,internet_facing_api,production,QUALITY_TECHNICAL_DEBT,Stylistic/architectural finding without proven runtime/security impact.,no,n/a,accepted_debt,still_present_exact_line
befe059bdde14b2a,py/unused-import,cap646/batch18_dedicated.py,10,Import of '_addr' is not used.,,recommendation,very-high,,production,internet_facing_api,production,QUALITY_TECHNICAL_DEBT,Stylistic/architectural finding without proven runtime/security impact.,no,n/a,accepted_debt,still_present_exact_line
d7e1b02b9f6a067c,py/unused-import,cap646/batch18_dedicated.py,13,Import of '_sym' is not used.,,recommendation,very-high,,production,internet_facing_api,production,QUALITY_TECHNICAL_DEBT,Stylistic/architectural finding without proven runtime/security impact.,no,n/a,accepted_debt,still_present_exact_line
ef9fe64ee9c6aea3,py/unused-import,cap646/batch19_dedicated.py,10,Import of '_addr' is not used.,,recommendation,very-high,,production,internet_facing_api,production,QUALITY_TECHNICAL_DEBT,Stylistic/architectural finding without proven runtime/security impact.,no,n/a,accepted_debt,still_present_exact_line
12ff902910c9c736,py/unused-import,cap646/batch19_dedicated.py,13,Import of '_sym' is not used.,,recommendation,very-high,,production,internet_facing_api,production,QUALITY_TECHNICAL_DEBT,Stylistic/architectural finding without proven runtime/security impact.,no,n/a,accepted_debt,still_present_exact_line
9847c46aee363425,py/unused-import,cap646/batch20_dedicated.py,10,Import of '_addr' is not used.,,recommendation,very-high,,production,internet_facing_api,production,QUALITY_TECHNICAL_DEBT,Stylistic/architectural finding without proven runtime/security impact.,no,n/a,accepted_debt,still_present_exact_line
b9d032220579d555,py/unused-import,cap646/batch20_dedicated.py,13,Import of '_sym' is not used.,,recommendation,very-high,,production,internet_facing_api,production,QUALITY_TECHNICAL_DEBT,Stylistic/architectural finding without proven runtime/security impact.,no,n/a,accepted_debt,still_present_exact_line
04279d98cacd2c94,py/unused-import,cap646/batch21_dedicated.py,10,Import of '_addr' is not used.,,recommendation,very-high,,production,internet_facing_api,production,QUALITY_TECHNICAL_DEBT,Stylistic/architectural finding without proven runtime/security impact.,no,n/a,accepted_debt,still_present_exact_line
940859a45d63c503,py/unused-import,cap646/batch21_dedicated.py,13,Import of '_sym' is not used.,,recommendation,very-high,,production,internet_facing_api,production,QUALITY_TECHNICAL_DEBT,Stylistic/architectural finding without proven runtime/security impact.,no,n/a,accepted_debt,still_present_exact_line
1fab66d475530f41,py/unused-import,cap646/batch22_dedicated.py,10,Import of '_addr' is not used.,,recommendation,very-high,,production,internet_facing_api,production,QUALITY_TECHNICAL_DEBT,Stylistic/architectural finding without proven runtime/security impact.,no,n/a,accepted_debt,still_present_exact_line
8dc435045a759dd8,py/unused-import,cap646/batch22_dedicated.py,13,Import of '_sym' is not used.,,recommendation,very-high,,production,internet_facing_api,production,QUALITY_TECHNICAL_DEBT,Stylistic/architectural finding without proven runtime/security impact.,no,n/a,accepted_debt,still_present_exact_line
5b24c599b60d2580,py/unused-import,cap646/batch23_dedicated.py,10,Import of '_addr' is not used.,,recommendation,very-high,,production,internet_facing_api,production,QUALITY_TECHNICAL_DEBT,Stylistic/architectural finding without proven runtime/security impact.,no,n/a,accepted_debt,still_present_exact_line
46686e158b8ca09b,py/unused-import,cap646/batch23_dedicated.py,13,Import of '_sym' is not used.,,recommendation,very-high,,production,internet_facing_api,production,QUALITY_TECHNICAL_DEBT,Stylistic/architectural finding without proven runtime/security impact.,no,n/a,accepted_debt,still_present_exact_line
1031249853e65cb7,py/unused-import,cap646/batch24_dedicated.py,10,Import of '_addr' is not used.,,recommendation,very-high,,production,internet_facing_api,production,QUALITY_TECHNICAL_DEBT,Stylistic/architectural finding without proven runtime/security impact.,no,n/a,accepted_debt,still_present_exact_line
b26d87e246824bf8,py/unused-import,cap646/batch24_dedicated.py,13,Import of '_sym' is not used.,,recommendation,very-high,,production,internet_facing_api,production,QUALITY_TECHNICAL_DEBT,Stylistic/architectural finding without proven runtime/security impact.,no,n/a,accepted_debt,still_present_exact_line
9735b00805a6639c,py/unused-import,cap646/batch25_dedicated.py,10,Import of '_addr' is not used.,,recommendation,very-high,,production,internet_facing_api,production,QUALITY_TECHNICAL_DEBT,Stylistic/architectural finding without proven runtime/security impact.,no,n/a,accepted_debt,still_present_exact_line
cf9eebcf1a62548d,py/unused-import,cap646/batch25_dedicated.py,13,Import of '_sym' is not used.,,recommendation,very-high,,production,internet_facing_api,production,QUALITY_TECHNICAL_DEBT,Stylistic/architectural finding without proven runtime/security impact.,no,n/a,accepted_debt,still_present_exact_line
22579fba0074ada8,py/unused-import,cap646/batch26_dedicated.py,10,Import of '_addr' is not used.,,recommendation,very-high,,production,internet_facing_api,production,QUALITY_TECHNICAL_DEBT,Stylistic/architectural finding without proven runtime/security impact.,no,n/a,accepted_debt,still_present_exact_line
2dbcdf557facaa9f,py/unused-import,cap646/batch26_dedicated.py,13,Import of '_sym' is not used.,,recommendation,very-high,,production,internet_facing_api,production,QUALITY_TECHNICAL_DEBT,Stylistic/architectural finding without proven runtime/security impact.,no,n/a,accepted_debt,still_present_exact_line
692ba33d7475d8e3,py/unused-import,cap646/batch27_dedicated.py,10,Import of '_addr' is not used.,,recommendation,very-high,,production,internet_facing_api,production,QUALITY_TECHNICAL_DEBT,Stylistic/architectural finding without proven runtime/security impact.,no,n/a,accepted_debt,still_present_exact_line
e9ea974d179e48cb,py/unused-import,cap646/batch27_dedicated.py,13,Import of '_sym' is not used.,,recommendation,very-high,,production,internet_facing_api,production,QUALITY_TECHNICAL_DEBT,Stylistic/architectural finding without proven runtime/security impact.,no,n/a,accepted_debt,still_present_exact_line
9c7f121c3efbd281,py/unused-import,cap646/batch28_dedicated.py,10,Import of '_addr' is not used.,,recommendation,very-high,,production,internet_facing_api,production,QUALITY_TECHNICAL_DEBT,Stylistic/architectural finding without proven runtime/security impact.,no,n/a,accepted_debt,still_present_exact_line
948ab0aa08b757fc,py/unused-import,cap646/batch28_dedicated.py,13,Import of '_sym' is not used.,,recommendation,very-high,,production,internet_facing_api,production,QUALITY_TECHNICAL_DEBT,Stylistic/architectural finding without proven runtime/security impact.,no,n/a,accepted_debt,still_present_exact_line
3d4a4b07448f2571,py/unused-import,cap646/batch29_dedicated.py,10,Import of '_addr' is not used.,,recommendation,very-high,,production,internet_facing_api,production,QUALITY_TECHNICAL_DEBT,Stylistic/architectural finding without proven runtime/security impact.,no,n/a,accepted_debt,still_present_exact_line
f81603ee1d98e837,py/unused-import,cap646/batch29_dedicated.py,13,Import of '_sym' is not used.,,recommendation,very-high,,production,internet_facing_api,production,QUALITY_TECHNICAL_DEBT,Stylistic/architectural finding without proven runtime/security impact.,no,n/a,accepted_debt,still_present_exact_line
a8629a9b8dcca04b,py/unused-import,cap646/batch30_dedicated.py,10,Import of '_addr' is not used.,,recommendation,very-high,,production,internet_facing_api,production,QUALITY_TECHNICAL_DEBT,Stylistic/architectural finding without proven runtime/security impact.,no,n/a,accepted_debt,still_present_exact_line
1aeef4acfc9b73ca,py/unused-import,cap646/batch30_dedicated.py,13,Import of '_sym' is not used.,,recommendation,very-high,,production,internet_facing_api,production,QUALITY_TECHNICAL_DEBT,Stylistic/architectural finding without proven runtime/security impact.,no,n/a,accepted_debt,still_present_exact_line
ca5c8967e99a5b91,py/unused-import,cap646/batch31_dedicated.py,10,Import of '_addr' is not used.,,recommendation,very-high,,production,internet_facing_api,production,QUALITY_TECHNICAL_DEBT,Stylistic/architectural finding without proven runtime/security impact.,no,n/a,accepted_debt,still_present_exact_line
25011662ad871a48,py/unused-import,cap646/batch31_dedicated.py,13,Import of '_sym' is not used.,,recommendation,very-high,,production,internet_facing_api,production,QUALITY_TECHNICAL_DEBT,Stylistic/architectural finding without proven runtime/security impact.,no,n/a,accepted_debt,still_present_exact_line
776deae128f6c449,py/unused-import,cap646/batch32_dedicated.py,10,Import of '_addr' is not used.,,recommendation,very-high,,production,internet_facing_api,production,QUALITY_TECHNICAL_DEBT,Stylistic/architectural finding without proven runtime/security impact.,no,n/a,accepted_debt,still_present_exact_line
dd438106ea65ae40,py/unused-import,cap646/batch32_dedicated.py,13,Import of '_sym' is not used.,,recommendation,very-high,,production,internet_facing_api,production,QUALITY_TECHNICAL_DEBT,Stylistic/architectural finding without proven runtime/security impact.,no,n/a,accepted_debt,still_present_exact_line
ed0d7bc0044c28b5,py/unused-import,cap646/batch33_dedicated.py,10,Import of '_addr' is not used.,,recommendation,very-high,,production,internet_facing_api,production,QUALITY_TECHNICAL_DEBT,Stylistic/architectural finding without proven runtime/security impact.,no,n/a,accepted_debt,still_present_exact_line
37a80e2ec43e3a28,py/unused-import,cap646/batch33_dedicated.py,13,Import of '_sym' is not used.,,recommendation,very-high,,production,internet_facing_api,production,QUALITY_TECHNICAL_DEBT,Stylistic/architectural finding without proven runtime/security impact.,no,n/a,accepted_debt,still_present_exact_line
26bfb764364ca2c7,py/unused-import,cap646/batch34_dedicated.py,10,Import of '_addr' is not used.,,recommendation,very-high,,production,internet_facing_api,production,QUALITY_TECHNICAL_DEBT,Stylistic/architectural finding without proven runtime/security impact.,no,n/a,accepted_debt,still_present_exact_line
8709f6fef04f0337,py/unused-import,cap646/batch34_dedicated.py,13,Import of '_sym' is not used.,,recommendation,very-high,,production,internet_facing_api,production,QUALITY_TECHNICAL_DEBT,Stylistic/architectural finding without proven runtime/security impact.,no,n/a,accepted_debt,still_present_exact_line
39bffaeac2475577,py/unused-import,scripts/batch_execute_closure.py,17,Import of 'batch_number' is not used.,,recommendation,very-high,,operator_cli,operator_local,operator_cli,QUALITY_TECHNICAL_DEBT,Stylistic/architectural finding without proven runtime/security impact.,no,n/a,accepted_debt,still_present_exact_line
fc0cf33aad9dcf84,py/unused-import,cap646/batch_institutional_closure.py,6,Import of 're' is not used.,,recommendation,very-high,,production,internet_facing_api,production,QUALITY_TECHNICAL_DEBT,Stylistic/architectural finding without proven runtime/security impact.,no,n/a,accepted_debt,still_present_exact_line
b5cc8e2bb70ef980,py/unused-import,cap646/batch_range_production.py,8,Import of 'total_batch_count' is not used.,,recommendation,very-high,,production,internet_facing_api,production,QUALITY_TECHNICAL_DEBT,Stylistic/architectural finding without proven runtime/security impact.,no,n/a,accepted_debt,still_present_exact_line
af471a20ff57b29d,py/unused-import,bigquery_export.py,20,Import of 'config' is not used.,,recommendation,very-high,,production,internet_facing_api,production,QUALITY_TECHNICAL_DEBT,Stylistic/architectural finding without proven runtime/security impact.,no,n/a,accepted_debt,still_present_exact_line
5856ce65e775bb26,py/unused-import,billing_service.py,17,Import of 'config' is not used.,,recommendation,very-high,,production,internet_facing_api,production,QUALITY_TECHNICAL_DEBT,Stylistic/architectural finding without proven runtime/security impact.,no,n/a,accepted_debt,still_present_exact_line
8e998fd670075803,py/unused-import,blackdark/data/ingestors/binance.py,6,Import of 'os' is not used.,,recommendation,very-high,,production,internet_facing_api,production,QUALITY_TECHNICAL_DEBT,Stylistic/architectural finding without proven runtime/security impact.,no,n/a,accepted_debt,still_present_exact_line
50fa7cfbd1a03a44,py/unused-import,blackdark/data/ingestors/binance.py,10,Import of 'UUID' is not used.,,recommendation,very-high,,production,internet_facing_api,production,QUALITY_TECHNICAL_DEBT,Stylistic/architectural finding without proven runtime/security impact.,no,n/a,accepted_debt,still_present_exact_line
b49391e438d8ab90,py/unused-import,rvm/build.py,9,Import of 'RVMEntry' is not used.,,recommendation,very-high,,production,internet_facing_api,production,QUALITY_TECHNICAL_DEBT,Stylistic/architectural finding without proven runtime/security impact.,no,n/a,accepted_debt,still_present_exact_line
17c07326ffec8e16,py/unused-import,api/routers/cap646.py,13,Import of 'verify_dod' is not used.,,recommendation,very-high,,production,internet_facing_api,production,QUALITY_TECHNICAL_DEBT,Stylistic/architectural finding without proven runtime/security impact.,no,n/a,accepted_debt,still_present_exact_line
b980f84f19d2706a,py/unused-import,api/routers/cap646.py,14,Import of 'verify_functional' is not used.,,recommendation,very-high,,production,internet_facing_api,production,QUALITY_TECHNICAL_DEBT,Stylistic/architectural finding without proven runtime/security impact.,no,n/a,accepted_debt,still_present_exact_line
708db477bf03c698,py/unused-import,api/routers/cap646.py,18,Import of 'execute_capability' is not used.,,recommendation,very-high,,production,internet_facing_api,production,QUALITY_TECHNICAL_DEBT,Stylistic/architectural finding without proven runtime/security impact.,no,n/a,accepted_debt,still_present_exact_line
4e04679803556308,py/unused-import,cap978/catalog.py,47,"Import of 'EXTERNAL_IDS' is not used.
Import of 'REPEAT_CANONICAL' is not used.
Import of 'matrix_by_id' is not used.",,recommendation,very-high,,production,internet_facing_api,production,QUALITY_TECHNICAL_DEBT,Stylistic/architectural finding without proven runtime/security impact.,no,n/a,accepted_debt,still_present_exact_line
7cb26fcb8bf7dfd2,py/unused-import,blackdark/data/circuit_breaker.py,6,Import of 'field' is not used.,,recommendation,very-high,,production,internet_facing_api,production,QUALITY_TECHNICAL_DEBT,Stylistic/architectural finding without proven runtime/security impact.,no,n/a,accepted_debt,still_present_exact_line
e12364f0561f1086,py/unused-import,scripts/close_sec006_production.py,8,Import of 'sys' is not used.,,recommendation,very-high,,operator_cli,operator_local,operator_cli,QUALITY_TECHNICAL_DEBT,Stylistic/architectural finding without proven runtime/security impact.,no,n/a,accepted_debt,still_present_exact_line
d57448a89e644117,py/unused-import,compounding_common.py,10,Import of 'hash_payload' is not used.,,recommendation,very-high,,production,internet_facing_api,production,QUALITY_TECHNICAL_DEBT,Stylistic/architectural finding without proven runtime/security impact.,no,n/a,accepted_debt,still_present_exact_line
16494d2a132471d3,py/unused-import,dashboard.py,33,Import of 'encoding_bootstrap' is not used.,,recommendation,very-high,,production,internet_facing_api,production,QUALITY_TECHNICAL_DEBT,Stylistic/architectural finding without proven runtime/security impact.,no,n/a,accepted_debt,still_present_exact_line
13d13dc8c8649d23,py/unused-import,bd_platform/derivatives_onchain_intelligence_layer.py,10,Import of 'hashlib' is not used.,,recommendation,very-high,,production,internet_facing_api,production,QUALITY_TECHNICAL_DEBT,Stylistic/architectural finding without proven runtime/security impact.,no,n/a,accepted_debt,still_present_exact_line
4d3d51773e11f721,py/unused-import,bd_platform/derivatives_onchain_intelligence_layer.py,13,Import of 'uuid' is not used.,,recommendation,very-high,,production,internet_facing_api,production,QUALITY_TECHNICAL_DEBT,Stylistic/architectural finding without proven runtime/security impact.,no,n/a,accepted_debt,still_present_exact_line
f245d36d0605eed8,py/unused-import,bd_platform/derivatives_ta_research_layer.py,14,Import of 'uuid' is not used.,,recommendation,very-high,,production,internet_facing_api,production,QUALITY_TECHNICAL_DEBT,Stylistic/architectural finding without proven runtime/security impact.,no,n/a,accepted_debt,still_present_exact_line
6c966fe20b9331a8,py/unused-import,cap646/domain_enrichment.py,5,Import of 'asyncio' is not used.,,recommendation,very-high,,production,internet_facing_api,production,QUALITY_TECHNICAL_DEBT,Stylistic/architectural finding without proven runtime/security impact.,no,n/a,accepted_debt,still_present_exact_line
a0f32474a4fc13ed,py/unused-import,cap646/entitlements.py,14,Import of 'effective_plan' is not used.,,recommendation,very-high,,production,internet_facing_api,production,QUALITY_TECHNICAL_DEBT,Stylistic/architectural finding without proven runtime/security impact.,no,n/a,accepted_debt,still_present_exact_line
c28afd9cf8a6c721,py/unused-import,exchange_currency_status.py,9,Import of 'asyncio' is not used.,,recommendation,very-high,,production,internet_facing_api,production,QUALITY_TECHNICAL_DEBT,Stylistic/architectural finding without proven runtime/security impact.,no,n/a,accepted_debt,still_present_exact_line
f7c6d96b49dd3fe4,py/unused-import,exchange_currency_status.py,14,Import of 'config' is not used.,,recommendation,very-high,,production,internet_facing_api,production,QUALITY_TECHNICAL_DEBT,Stylistic/architectural finding without proven runtime/security impact.,no,n/a,accepted_debt,still_present_exact_line
9e9f985ccb948fcd,py/unused-import,expert_execution.py,13,Import of 'URLError' is not used.,,recommendation,very-high,,production,internet_facing_api,production,QUALITY_TECHNICAL_DEBT,Stylistic/architectural finding without proven runtime/security impact.,no,n/a,accepted_debt,still_present_exact_line
aaa66a2d2a8efaba,py/unused-import,cap978/extension_registry.py,5,Import of 're' is not used.,,recommendation,very-high,,production,internet_facing_api,production,QUALITY_TECHNICAL_DEBT,Stylistic/architectural finding without proven runtime/security impact.,no,n/a,accepted_debt,still_present_exact_line
2f1b2827b459407b,py/unused-import,cap978/extension_registry.py,6,Import of 'dataclass' is not used.,,recommendation,very-high,,production,internet_facing_api,production,QUALITY_TECHNICAL_DEBT,Stylistic/architectural finding without proven runtime/security impact.,no,n/a,accepted_debt,still_present_exact_line
9d5748ef373fb8ef,py/unused-import,scripts/generate_batch_range_dedicated.py,7,Import of 're' is not used.,,recommendation,very-high,,operator_cli,operator_local,operator_cli,QUALITY_TECHNICAL_DEBT,Stylistic/architectural finding without proven runtime/security impact.,no,n/a,accepted_debt,still_present_exact_line
4ac32ecee2899642,py/unused-import,scripts/generate_hash_lock.py,10,Import of 'urllib' is not used.,,recommendation,very-high,,operator_cli,operator_local,operator_cli,QUALITY_TECHNICAL_DEBT,Stylistic/architectural finding without proven runtime/security impact.,no,n/a,accepted_debt,still_present_exact_line
b97cccb3293870b4,py/unused-import,scripts/generate_supplemental_closure_report.py,7,Import of 'hashlib' is not used.,,recommendation,very-high,,operator_cli,operator_local,operator_cli,QUALITY_TECHNICAL_DEBT,Stylistic/architectural finding without proven runtime/security impact.,no,n/a,accepted_debt,still_present_exact_line
14dfd299eb8b8193,py/unused-import,api/idempotency.py,5,Import of 'json' is not used.,,recommendation,very-high,,production,internet_facing_api,production,QUALITY_TECHNICAL_DEBT,Stylistic/architectural finding without proven runtime/security impact.,no,n/a,accepted_debt,still_present_exact_line
b3ba8904720ad54c,py/unused-import,cap978/institutional_gate.py,11,Import of 'BASE_EXTERNAL_IDS' is not used.,,recommendation,very-high,,production,internet_facing_api,production,QUALITY_TECHNICAL_DEBT,Stylistic/architectural finding without proven runtime/security impact.,no,n/a,accepted_debt,still_present_exact_line
a2e93b0011198d71,py/unused-import,cap978/institutional_gate.py,12,"Import of 'EXTERNAL_EVIDENCE_SLOTS' is not used.
Import of 'SIGNED_INFRA_SLOTS' is not used.",,recommendation,very-high,,production,internet_facing_api,production,QUALITY_TECHNICAL_DEBT,Stylistic/architectural finding without proven runtime/security impact.,no,n/a,accepted_debt,still_present_exact_line
e3bd7cb2d3d7cced,py/unused-import,cap978/institutional_gate.py,13,Import of 'EXTENSION_EXTERNAL_IDS' is not used.,,recommendation,very-high,,production,internet_facing_api,production,QUALITY_TECHNICAL_DEBT,Stylistic/architectural finding without proven runtime/security impact.,no,n/a,accepted_debt,still_present_exact_line
f6c4006a318d8959,py/unused-import,bd_platform/intelligence_market_extensions_layer.py,11,Import of 'hashlib' is not used.,,recommendation,very-high,,production,internet_facing_api,production,QUALITY_TECHNICAL_DEBT,Stylistic/architectural finding without proven runtime/security impact.,no,n/a,accepted_debt,still_present_exact_line
64486045e5a78db5,py/unused-import,knowledge_graph.py,11,Import of 'hash_payload' is not used.,,recommendation,very-high,,production,internet_facing_api,production,QUALITY_TECHNICAL_DEBT,Stylistic/architectural finding without proven runtime/security impact.,no,n/a,accepted_debt,still_present_exact_line
432223863b7fae0f,py/unused-import,scripts/launch_verify.py,16,Import of 'encoding_bootstrap' is not used.,,recommendation,very-high,,operator_cli,operator_local,operator_cli,QUALITY_TECHNICAL_DEBT,Stylistic/architectural finding without proven runtime/security impact.,no,n/a,accepted_debt,still_present_exact_line
40b58d13dbc375cf,py/unused-import,learning_compounding.py,6,"Import of 'UTC' is not used.
Import of 'datetime' is not used.
Import of 'timedelta' is not used.",,recommendation,very-high,,production,internet_facing_api,production,QUALITY_TECHNICAL_DEBT,Stylistic/architectural finding without proven runtime/security impact.,no,n/a,accepted_debt,still_present_exact_line
f47898665d66fd24,py/unused-import,bd_platform/legal_commercial_layer.py,15,Import of 'Literal' is not used.,,recommendation,very-high,,production,internet_facing_api,production,QUALITY_TECHNICAL_DEBT,Stylistic/architectural finding without proven runtime/security impact.,no,n/a,accepted_debt,still_present_exact_line
0d3be535396ace53,py/unused-import,scripts/load_test.py,9,Import of 'urllib' is not used.,,recommendation,very-high,,operator_cli,operator_local,operator_cli,QUALITY_TECHNICAL_DEBT,Stylistic/architectural finding without proven runtime/security impact.,no,n/a,accepted_debt,still_present_exact_line
2b402f32ea8338a3,py/unused-import,lp_il_simulator.py,20,Import of 'safe_url_segment' is not used.,,recommendation,very-high,,production,internet_facing_api,production,QUALITY_TECHNICAL_DEBT,Stylistic/architectural finding without proven runtime/security impact.,no,n/a,accepted_debt,still_present_exact_line
8414f23b6cadc2a7,py/unused-import,api/routers/market.py,11,Import of 'fetch_binance_market_overview' is not used.,,recommendation,very-high,,production,internet_facing_api,production,QUALITY_TECHNICAL_DEBT,Stylistic/architectural finding without proven runtime/security impact.,no,n/a,accepted_debt,still_present_exact_line
327e9dc41f453c20,py/unused-import,bd_platform/market_analysis_layer.py,10,Import of 'hashlib' is not used.,,recommendation,very-high,,production,internet_facing_api,production,QUALITY_TECHNICAL_DEBT,Stylistic/architectural finding without proven runtime/security impact.,no,n/a,accepted_debt,still_present_exact_line
b533d67a29110b3d,py/unused-import,bd_platform/market_analysis_layer.py,13,Import of 'math' is not used.,,recommendation,very-high,,production,internet_facing_api,production,QUALITY_TECHNICAL_DEBT,Stylistic/architectural finding without proven runtime/security impact.,no,n/a,accepted_debt,still_present_exact_line
2e61df87f57ce3e8,py/unused-import,bd_platform/market_analysis_layer.py,18,Import of 'Literal' is not used.,,recommendation,very-high,,production,internet_facing_api,production,QUALITY_TECHNICAL_DEBT,Stylistic/architectural finding without proven runtime/security impact.,no,n/a,accepted_debt,still_present_exact_line
7748dec7dc2c318e,py/unused-import,bd_platform/onchain_defi_sources_layer.py,14,Import of 'uuid' is not used.,,recommendation,very-high,,production,internet_facing_api,production,QUALITY_TECHNICAL_DEBT,Stylistic/architectural finding without proven runtime/security impact.,no,n/a,accepted_debt,still_present_exact_line
35ddac76fadcba5a,py/unused-import,bd_platform/onchain_platform_layer.py,14,Import of 'statistics' is not used.,,recommendation,very-high,,production,internet_facing_api,production,QUALITY_TECHNICAL_DEBT,Stylistic/architectural finding without proven runtime/security impact.,no,n/a,accepted_debt,still_present_exact_line
272eba6a57cdcc82,py/unused-import,payments_usd.py,12,Import of 'normalize_plan' is not used.,,recommendation,very-high,,production,internet_facing_api,production,QUALITY_TECHNICAL_DEBT,Stylistic/architectural finding without proven runtime/security impact.,no,n/a,accepted_debt,still_present_exact_line
9cd5d116dbda8a8b,py/unused-import,scripts/pentagonal_closure_evidence.py,5,Import of 'ast' is not used.,,recommendation,very-high,,operator_cli,operator_local,operator_cli,QUALITY_TECHNICAL_DEBT,Stylistic/architectural finding without proven runtime/security impact.,no,n/a,accepted_debt,still_present_exact_line
90bf4cc8861a497a,py/unused-import,scripts/pentagonal_closure_evidence.py,7,Import of 'inspect' is not used.,,recommendation,very-high,,operator_cli,operator_local,operator_cli,QUALITY_TECHNICAL_DEBT,Stylistic/architectural finding without proven runtime/security impact.,no,n/a,accepted_debt,still_present_exact_line
ffde74cc2910ed24,py/unused-import,scripts/pentagonal_closure_evidence.py,9,Import of 'statistics' is not used.,,recommendation,very-high,,operator_cli,operator_local,operator_cli,QUALITY_TECHNICAL_DEBT,Stylistic/architectural finding without proven runtime/security impact.,no,n/a,accepted_debt,still_present_exact_line
7cdb7e9a912120d5,py/unused-import,scripts/pentagonal_closure_evidence.py,10,Import of 'datetime' is not used.,,recommendation,very-high,,operator_cli,operator_local,operator_cli,QUALITY_TECHNICAL_DEBT,Stylistic/architectural finding without proven runtime/security impact.,no,n/a,accepted_debt,still_present_exact_line
c20856cae548eeb7,py/unused-import,scripts/rename_deferred_early_batch.py,7,Import of 're' is not used.,,recommendation,very-high,,operator_cli,operator_local,operator_cli,QUALITY_TECHNICAL_DEBT,Stylistic/architectural finding without proven runtime/security impact.,no,n/a,accepted_debt,still_present_exact_line
1474d530ab01488c,py/unused-import,scripts/rename_deferred_early_batch.py,8,Import of 'sys' is not used.,,recommendation,very-high,,operator_cli,operator_local,operator_cli,QUALITY_TECHNICAL_DEBT,Stylistic/architectural finding without proven runtime/security impact.,no,n/a,accepted_debt,still_present_exact_line
8cc0f3313dc4c040,py/unused-import,blackdark/data/repository.py,6,Import of 'timedelta' is not used.,,recommendation,very-high,,production,internet_facing_api,production,QUALITY_TECHNICAL_DEBT,Stylistic/architectural finding without proven runtime/security impact.,no,n/a,accepted_debt,still_present_exact_line
1cac0be668c627df,py/unused-import,blackdark/canonical/resolver.py,8,Import of 'CanonicalAsset' is not used.,,recommendation,very-high,,production,internet_facing_api,production,QUALITY_TECHNICAL_DEBT,Stylistic/architectural finding without proven runtime/security impact.,no,n/a,accepted_debt,still_present_exact_line
167978e41cff2b3c,py/unused-import,scripts/retrospective_deep_audit.py,30,Import of 'batch_test_module_for' is not used.,,recommendation,very-high,,operator_cli,operator_local,operator_cli,QUALITY_TECHNICAL_DEBT,Stylistic/architectural finding without proven runtime/security impact.,no,n/a,accepted_debt,still_present_exact_line
a0c610f8627d7053,py/unused-import,bd_platform/risk_infrastructure_layer.py,14,Import of 'math' is not used.,,recommendation,very-high,,production,internet_facing_api,production,QUALITY_TECHNICAL_DEBT,Stylistic/architectural finding without proven runtime/security impact.,no,n/a,accepted_debt,still_present_exact_line
38749c57bb2cee39,py/unused-import,bd_platform/risk_infrastructure_layer.py,15,Import of 'statistics' is not used.,,recommendation,very-high,,production,internet_facing_api,production,QUALITY_TECHNICAL_DEBT,Stylistic/architectural finding without proven runtime/security impact.,no,n/a,accepted_debt,still_present_exact_line
934c363f22d811df,py/unused-import,bd_platform/risk_infrastructure_layer.py,17,Import of 'uuid' is not used.,,recommendation,very-high,,production,internet_facing_api,production,QUALITY_TECHNICAL_DEBT,Stylistic/architectural finding without proven runtime/security impact.,no,n/a,accepted_debt,still_present_exact_line
d19b6150690b290b,py/unused-import,scripts/run_batch03_deep_closure.py,17,Import of 'CHECKLIST' is not used.,,recommendation,very-high,,operator_cli,operator_local,operator_cli,QUALITY_TECHNICAL_DEBT,Stylistic/architectural finding without proven runtime/security impact.,no,n/a,accepted_debt,still_present_exact_line
79415431f78e95c9,py/unused-import,scripts/run_batch04_deep_closure.py,17,"Import of '_classify' is not used.
Import of '_git_on_main' is not used.
Import of '_resolve_binding' is not used.
Import of '_run_independent_test' is not used.
Import of '_scan_independent_tests' is not used.
Import of '_underlying_real_code' is not used.
Import of '_detect_reuse_link' is not used.",,recommendation,very-high,,operator_cli,operator_local,operator_cli,QUALITY_TECHNICAL_DEBT,Stylistic/architectural finding without proven runtime/security impact.,no,n/a,accepted_debt,still_present_exact_line
a45a128d9412e879,py/unused-import,scripts/run_batch04_deep_closure.py,34,"Import of '_binding_from_live' is not used.
Import of '_live_verify' is not used.",,recommendation,very-high,,operator_cli,operator_local,operator_cli,QUALITY_TECHNICAL_DEBT,Stylistic/architectural finding without proven runtime/security impact.,no,n/a,accepted_debt,still_present_exact_line
ee146c6d435d0dca,py/unused-import,scripts/run_batch04_deep_closure.py,35,Import of 'classify_implementation' is not used.,,recommendation,very-high,,operator_cli,operator_local,operator_cli,QUALITY_TECHNICAL_DEBT,Stylistic/architectural finding without proven runtime/security impact.,no,n/a,accepted_debt,still_present_exact_line
1fb6c87611dfba8f,py/unused-import,scripts/run_closure_mandate_last.py,10,Import of 'time' is not used.,,recommendation,very-high,,operator_cli,operator_local,operator_cli,QUALITY_TECHNICAL_DEBT,Stylistic/architectural finding without proven runtime/security impact.,no,n/a,accepted_debt,still_present_exact_line
b598db5c22f938ef,py/unused-import,scripts/run_closure_mandate_last.py,12,Import of 'product' is not used.,,recommendation,very-high,,operator_cli,operator_local,operator_cli,QUALITY_TECHNICAL_DEBT,Stylistic/architectural finding without proven runtime/security impact.,no,n/a,accepted_debt,still_present_exact_line
0205dff5a44ff11a,py/unused-import,scripts/run_closure_reject_04_audit.py,12,Import of 'combinations' is not used.,,recommendation,very-high,,operator_cli,operator_local,operator_cli,QUALITY_TECHNICAL_DEBT,Stylistic/architectural finding without proven runtime/security impact.,no,n/a,accepted_debt,still_present_exact_line
62c009e93ee63367,py/unused-import,run_service.py,20,Import of 'encoding_bootstrap' is not used.,,recommendation,very-high,,production,internet_facing_api,production,QUALITY_TECHNICAL_DEBT,Stylistic/architectural finding without proven runtime/security impact.,no,n/a,accepted_debt,still_present_exact_line
9e487613411eec5d,py/unused-import,scripts/setup_payments_usd.py,6,Import of 'os' is not used.,,recommendation,very-high,,operator_cli,operator_local,operator_cli,QUALITY_TECHNICAL_DEBT,Stylistic/architectural finding without proven runtime/security impact.,no,n/a,accepted_debt,still_present_exact_line
11190a7abe83b16f,py/unused-import,scripts/setup_production_launch.py,7,Import of 'urllib' is not used.,,recommendation,very-high,,operator_cli,operator_local,operator_cli,QUALITY_TECHNICAL_DEBT,Stylistic/architectural finding without proven runtime/security impact.,no,n/a,accepted_debt,still_present_exact_line
dc83a42ad0fc5f9e,py/unused-import,signal_compounding.py,7,"Import of 'UTC' is not used.
Import of 'datetime' is not used.",,recommendation,very-high,,production,internet_facing_api,production,QUALITY_TECHNICAL_DEBT,Stylistic/architectural finding without proven runtime/security impact.,no,n/a,accepted_debt,still_present_exact_line
65689feee43b8484,py/unused-import,governance/spine_base.py,6,Import of 'lru_cache' is not used.,,recommendation,very-high,,production,internet_facing_api,production,QUALITY_TECHNICAL_DEBT,Stylistic/architectural finding without proven runtime/security impact.,no,n/a,accepted_debt,still_present_exact_line
0b79143755312d65,py/unused-import,governance/spine_base.py,8,Import of 'Callable' is not used.,,recommendation,very-high,,production,internet_facing_api,production,QUALITY_TECHNICAL_DEBT,Stylistic/architectural finding without proven runtime/security impact.,no,n/a,accepted_debt,still_present_exact_line
6d652dba8f82c9c6,py/unused-import,subscription_analytics.py,5,Import of 'Path' is not used.,,recommendation,very-high,,production,internet_facing_api,production,QUALITY_TECHNICAL_DEBT,Stylistic/architectural finding without proven runtime/security impact.,no,n/a,accepted_debt,still_present_exact_line
688b0380415a6dd1,py/unused-import,billing/subscription_engine.py,18,Import of 'get_by_email' is not used.,,recommendation,very-high,,production,internet_facing_api,production,QUALITY_TECHNICAL_DEBT,Stylistic/architectural finding without proven runtime/security impact.,no,n/a,accepted_debt,still_present_exact_line
d3151a77c6ecff9e,py/unused-import,blackdark/data/systems_api.py,8,"Import of 'UTC' is not used.
Import of 'datetime' is not used.",,recommendation,very-high,,production,internet_facing_api,production,QUALITY_TECHNICAL_DEBT,Stylistic/architectural finding without proven runtime/security impact.,no,n/a,accepted_debt,still_present_exact_line
c8f9d4eb1483d446,py/unused-import,governance/temporal_requirements.py,7,Import of 'build_catalog' is not used.,,recommendation,very-high,,production,internet_facing_api,production,QUALITY_TECHNICAL_DEBT,Stylistic/architectural finding without proven runtime/security impact.,no,n/a,accepted_debt,still_present_exact_line
d99dd2445d1c7aa3,py/unused-import,tests/test_address_intelligence.py,7,Import of 'Path' is not used.,,recommendation,very-high,,test,test_harness,test,QUALITY_TECHNICAL_DEBT,Stylistic/architectural finding without proven runtime/security impact.,no,n/a,accepted_debt,still_present_exact_line
555a50e88ee66929,py/unused-import,tests/test_alpha_engine.py,10,Import of 'gather_alpha_inputs' is not used.,,recommendation,very-high,,test,test_harness,test,QUALITY_TECHNICAL_DEBT,Stylistic/architectural finding without proven runtime/security impact.,no,n/a,accepted_debt,still_present_exact_line
071360ba749e4680,py/unused-import,tests/cap646/test_closure_reject_04.py,6,Import of 'os' is not used.,,recommendation,very-high,,test,test_harness,test,QUALITY_TECHNICAL_DEBT,Stylistic/architectural finding without proven runtime/security impact.,no,n/a,accepted_debt,still_present_exact_line
4b804ab71cc5e423,py/unused-import,tests/test_codeql_cleartext_logging_closure.py,5,Import of 'io' is not used.,,recommendation,very-high,,test,test_harness,test,QUALITY_TECHNICAL_DEBT,Stylistic/architectural finding without proven runtime/security impact.,no,n/a,accepted_debt,still_present_exact_line
e1785b2d488833ae,py/unused-import,tests/test_codeql_cleartext_logging_closure.py,10,Import of 'pytest' is not used.,,recommendation,very-high,,test,test_harness,test,QUALITY_TECHNICAL_DEBT,Stylistic/architectural finding without proven runtime/security impact.,no,n/a,accepted_debt,still_present_exact_line
103c9a3098956ddb,py/unused-import,tests/test_decision_truth_pipeline.py,5,Import of 'pytest' is not used.,,recommendation,very-high,,test,test_harness,test,QUALITY_TECHNICAL_DEBT,Stylistic/architectural finding without proven runtime/security impact.,no,n/a,accepted_debt,still_present_exact_line
187870788e986918,py/unused-import,tests/test_didit_kyc.py,10,Import of 'pytest' is not used.,,recommendation,very-high,,test,test_harness,test,QUALITY_TECHNICAL_DEBT,Stylistic/architectural finding without proven runtime/security impact.,no,n/a,accepted_debt,still_present_exact_line
541c71d19ee06195,py/unused-import,tests/test_enterprise_sso_auth0.py,5,Import of 'asyncio' is not used.,,recommendation,very-high,,test,test_harness,test,QUALITY_TECHNICAL_DEBT,Stylistic/architectural finding without proven runtime/security impact.,no,n/a,accepted_debt,still_present_exact_line
80d9a48e7232f69f,py/unused-import,tests/test_governing_specs_11_full.py,10,Import of 'verify_aie_runtime' is not used.,,recommendation,very-high,,test,test_harness,test,QUALITY_TECHNICAL_DEBT,Stylistic/architectural finding without proven runtime/security impact.,no,n/a,accepted_debt,still_present_exact_line
d19e5b87a14056b9,py/unused-import,tests/test_governing_specs_11_full.py,11,Import of 'verify_av_runtime' is not used.,,recommendation,very-high,,test,test_harness,test,QUALITY_TECHNICAL_DEBT,Stylistic/architectural finding without proven runtime/security impact.,no,n/a,accepted_debt,still_present_exact_line
1816294a5137f1a7,py/unused-import,tests/test_governing_specs_11_full.py,12,Import of 'verify_bill_runtime' is not used.,,recommendation,very-high,,test,test_harness,test,QUALITY_TECHNICAL_DEBT,Stylistic/architectural finding without proven runtime/security impact.,no,n/a,accepted_debt,still_present_exact_line
d8709fa085a25bd3,py/unused-import,tests/test_governing_specs_11_full.py,13,Import of 'verify_err_runtime' is not used.,,recommendation,very-high,,test,test_harness,test,QUALITY_TECHNICAL_DEBT,Stylistic/architectural finding without proven runtime/security impact.,no,n/a,accepted_debt,still_present_exact_line
8d5db95fe0ec6f4c,py/unused-import,tests/test_governing_specs_11_full.py,14,Import of 'verify_fds_runtime' is not used.,,recommendation,very-high,,test,test_harness,test,QUALITY_TECHNICAL_DEBT,Stylistic/architectural finding without proven runtime/security impact.,no,n/a,accepted_debt,still_present_exact_line
a69f0377dba96f35,py/unused-import,tests/test_governing_specs_11_full.py,15,Import of 'verify_id_runtime' is not used.,,recommendation,very-high,,test,test_harness,test,QUALITY_TECHNICAL_DEBT,Stylistic/architectural finding without proven runtime/security impact.,no,n/a,accepted_debt,still_present_exact_line
effda88b969ea10d,py/unused-import,tests/test_governing_specs_11_full.py,16,Import of 'verify_dsr_runtime' is not used.,,recommendation,very-high,,test,test_harness,test,QUALITY_TECHNICAL_DEBT,Stylistic/architectural finding without proven runtime/security impact.,no,n/a,accepted_debt,still_present_exact_line
738003c7cd77ed9d,py/unused-import,tests/test_governing_specs_11_full.py,17,Import of 'verify_tie_runtime' is not used.,,recommendation,very-high,,test,test_harness,test,QUALITY_TECHNICAL_DEBT,Stylistic/architectural finding without proven runtime/security impact.,no,n/a,accepted_debt,still_present_exact_line
7093e419fcecdbe5,py/unused-import,tests/test_governing_specs_11_full.py,18,Import of 'verify_tz_runtime' is not used.,,recommendation,very-high,,test,test_harness,test,QUALITY_TECHNICAL_DEBT,Stylistic/architectural finding without proven runtime/security impact.,no,n/a,accepted_debt,still_present_exact_line
4a41e687a7c6288d,py/unused-import,tests/test_p0_authz_hardening.py,5,Import of 'os' is not used.,,recommendation,very-high,,test,test_harness,test,QUALITY_TECHNICAL_DEBT,Stylistic/architectural finding without proven runtime/security impact.,no,n/a,accepted_debt,still_present_exact_line
6c5325e16626e9df,py/unused-import,tests/test_pentest_attestation.py,5,Import of 'json' is not used.,,recommendation,very-high,,test,test_harness,test,QUALITY_TECHNICAL_DEBT,Stylistic/architectural finding without proven runtime/security impact.,no,n/a,accepted_debt,still_present_exact_line
5fba8bf9d89b5445,py/unused-import,tests/test_rvm_system.py,10,Import of 'load_baseline' is not used.,,recommendation,very-high,,test,test_harness,test,QUALITY_TECHNICAL_DEBT,Stylistic/architectural finding without proven runtime/security impact.,no,n/a,accepted_debt,still_present_exact_line
438e97f814cb3cef,py/unused-import,tests/test_slippage_intelligence.py,7,Import of '_volatility_adjustment' is not used.,,recommendation,very-high,,test,test_harness,test,QUALITY_TECHNICAL_DEBT,Stylistic/architectural finding without proven runtime/security impact.,no,n/a,accepted_debt,still_present_exact_line
fa2a5a8411188ef7,py/unused-import,tests/test_sonar_pr356_new_code_coverage.py,11,Import of 'Path' is not used.,,recommendation,very-high,,test,test_harness,test,QUALITY_TECHNICAL_DEBT,Stylistic/architectural finding without proven runtime/security impact.,no,n/a,accepted_debt,still_present_exact_line
5d3d6ced78d0d584,py/unused-import,tests/test_spine_database.py,6,Import of 'timedelta' is not used.,,recommendation,very-high,,test,test_harness,test,QUALITY_TECHNICAL_DEBT,Stylistic/architectural finding without proven runtime/security impact.,no,n/a,accepted_debt,still_present_exact_line
fe7d17a881498eda,py/unused-import,tests/test_subscription_dialect_safety.py,8,Import of 'Path' is not used.,,recommendation,very-high,,test,test_harness,test,QUALITY_TECHNICAL_DEBT,Stylistic/architectural finding without proven runtime/security impact.,no,n/a,accepted_debt,still_present_exact_line
611f1bd1101f0b7d,py/unused-import,tests/test_war_room_extension_registry.py,7,Import of 'resolve_binding' is not used.,,recommendation,very-high,,test,test_harness,test,QUALITY_TECHNICAL_DEBT,Stylistic/architectural finding without proven runtime/security impact.,no,n/a,accepted_debt,still_present_exact_line
d7a4e7261c3f355a,py/unused-import,tests/test_wave_00_hardening.py,7,Import of 'pytest' is not used.,,recommendation,very-high,,test,test_harness,test,QUALITY_TECHNICAL_DEBT,Stylistic/architectural finding without proven runtime/security impact.,no,n/a,accepted_debt,still_present_exact_line
d506ff137cd0effd,py/unused-import,tests/test_wave_01_systems.py,6,Import of 'Decimal' is not used.,,recommendation,very-high,,test,test_harness,test,QUALITY_TECHNICAL_DEBT,Stylistic/architectural finding without proven runtime/security impact.,no,n/a,accepted_debt,still_present_exact_line
846800e059509c60,py/unused-import,tests/cap646/test_wave_dod_e2e.py,7,Import of 'WAVE_D' is not used.,,recommendation,very-high,,test,test_harness,test,QUALITY_TECHNICAL_DEBT,Stylistic/architectural finding without proven runtime/security impact.,no,n/a,accepted_debt,still_present_exact_line
f2281d7693f6b3af,py/unused-import,trade_simulator.py,14,Import of 'config' is not used.,,recommendation,very-high,,production,internet_facing_api,production,QUALITY_TECHNICAL_DEBT,Stylistic/architectural finding without proven runtime/security impact.,no,n/a,accepted_debt,still_present_exact_line
75cd9f92f381baff,py/unused-import,trust_compounding.py,6,Import of 'Path' is not used.,,recommendation,very-high,,production,internet_facing_api,production,QUALITY_TECHNICAL_DEBT,Stylistic/architectural finding without proven runtime/security impact.,no,n/a,accepted_debt,still_present_exact_line
dd0f40474b08f3bd,py/unused-import,scripts/upgrade_partial_capabilities.py,19,Import of 'execute_capability' is not used.,,recommendation,very-high,,operator_cli,operator_local,operator_cli,QUALITY_TECHNICAL_DEBT,Stylistic/architectural finding without proven runtime/security impact.,no,n/a,accepted_debt,still_present_exact_line
a5ca820a020f57f4,py/unused-import,cap978/verify.py,5,Import of 'importlib' is not used.,,recommendation,very-high,,production,internet_facing_api,production,QUALITY_TECHNICAL_DEBT,Stylistic/architectural finding without proven runtime/security impact.,no,n/a,accepted_debt,still_present_exact_line
4988c8f46d2be280,py/unused-import,cap978/verify.py,6,Import of 'inspect' is not used.,,recommendation,very-high,,production,internet_facing_api,production,QUALITY_TECHNICAL_DEBT,Stylistic/architectural finding without proven runtime/security impact.,no,n/a,accepted_debt,still_present_exact_line
8f0ad6d196e0c85f,py/unused-import,cap978/verify.py,10,Import of 'BackendBinding' is not used.,,recommendation,very-high,,production,internet_facing_api,production,QUALITY_TECHNICAL_DEBT,Stylistic/architectural finding without proven runtime/security impact.,no,n/a,accepted_debt,still_present_exact_line
1fa0a705765aba10,py/unused-import,cap978/verify.py,12,Import of '_payload' is not used.,,recommendation,very-high,,production,internet_facing_api,production,QUALITY_TECHNICAL_DEBT,Stylistic/architectural finding without proven runtime/security impact.,no,n/a,accepted_debt,still_present_exact_line
7c68f7de3e88e869,py/unused-import,scripts/verify_buyer.py,8,Import of 'urllib' is not used.,,recommendation,very-high,,operator_cli,operator_local,operator_cli,QUALITY_TECHNICAL_DEBT,Stylistic/architectural finding without proven runtime/security impact.,no,n/a,accepted_debt,still_present_exact_line
4f20adbb6c616db1,py/unused-import,scripts/verify_buyer.py,9,Import of 'urllib' is not used.,,recommendation,very-high,,operator_cli,operator_local,operator_cli,QUALITY_TECHNICAL_DEBT,Stylistic/architectural finding without proven runtime/security impact.,no,n/a,accepted_debt,still_present_exact_line
d037703024dec4dd,py/unused-import,scripts/verify_buyer.py,16,Import of 'encoding_bootstrap' is not used.,,recommendation,very-high,,operator_cli,operator_local,operator_cli,QUALITY_TECHNICAL_DEBT,Stylistic/architectural finding without proven runtime/security impact.,no,n/a,accepted_debt,still_present_exact_line
5d545da60c784960,py/unused-import,wave_00_hardening.py,12,Import of 'time' is not used.,,recommendation,very-high,,production,internet_facing_api,production,QUALITY_TECHNICAL_DEBT,Stylistic/architectural finding without proven runtime/security impact.,no,n/a,accepted_debt,still_present_exact_line
7b685388dd303d6b,py/file-not-closed,scale_readiness.py,50,File is opened but is not closed.,,warning,high,external/cwe/cwe-772,production,internet_facing_api,production,QUALITY_TECHNICAL_DEBT,Reviewed py/file-not-closed; no proven runtime defect at scale_readiness.py:50.,no,n/a,accepted_debt,still_present_exact_line
541ab09bff4663d2,py/file-not-closed,scale_readiness.py,70,File is opened but is not closed.,,warning,high,external/cwe/cwe-772,production,internet_facing_api,production,QUALITY_TECHNICAL_DEBT,Reviewed py/file-not-closed; no proven runtime defect at scale_readiness.py:70.,no,n/a,accepted_debt,still_present_exact_line
a407e9e919591094,py/file-not-closed,tests/test_p0_authz_hardening.py,133,File is opened but is not closed.,,warning,high,external/cwe/cwe-772,test,test_harness,test,TEST_ONLY_NON_PRODUCTION,Finding in tests/ scope only.,no,n/a,accepted_test_only,still_present_exact_line
21040b006ae8d6e1,py/constant-conditional-expression,scripts/generate_hero_batch_01.py,229,Testing a constant will always give the same result.,,warning,very-high,"external/cwe/cwe-561,external/cwe/cwe-570,external/cwe/cwe-571",operator_cli,operator_local,operator_cli,QUALITY_TECHNICAL_DEBT,Stylistic/architectural finding without proven runtime/security impact.,no,n/a,accepted_debt,still_present_exact_line
9def2f9e363ed7b4,py/unreachable-statement,scripts/generate_charting_market_intelligence_layer.py,9,This statement is unreachable.,,warning,very-high,external/cwe/cwe-561,operator_cli,operator_local,operator_cli,QUALITY_TECHNICAL_DEBT,Reviewed py/unreachable-statement; no proven runtime defect at scripts/generate_charting_market_intelligence_layer.py:9.,no,n/a,accepted_debt,still_present_exact_line
201173e52527d9be,py/unreachable-statement,scripts/generate_defi_yield_intelligence_layer.py,9,This statement is unreachable.,,warning,very-high,external/cwe/cwe-561,operator_cli,operator_local,operator_cli,QUALITY_TECHNICAL_DEBT,Reviewed py/unreachable-statement; no proven runtime defect at scripts/generate_defi_yield_intelligence_layer.py:9.,no,n/a,accepted_debt,still_present_exact_line
c119a0aa6c4c7328,py/unreachable-statement,scripts/generate_derivatives_onchain_layer.py,9,This statement is unreachable.,,warning,very-high,external/cwe/cwe-561,operator_cli,operator_local,operator_cli,QUALITY_TECHNICAL_DEBT,Reviewed py/unreachable-statement; no proven runtime defect at scripts/generate_derivatives_onchain_layer.py:9.,no,n/a,accepted_debt,still_present_exact_line
c601e0b695b39ce7,py/unreachable-statement,scripts/generate_institutional_delivery_intelligence_layer.py,9,This statement is unreachable.,,warning,very-high,external/cwe/cwe-561,operator_cli,operator_local,operator_cli,QUALITY_TECHNICAL_DEBT,Reviewed py/unreachable-statement; no proven runtime defect at scripts/generate_institutional_delivery_intelligence_layer.py:9.,no,n/a,accepted_debt,still_present_exact_line
94b7dd591e9844a2,py/unreachable-statement,institutional_assurance.py,558,This statement is unreachable.,,warning,very-high,external/cwe/cwe-561,production,internet_facing_api,production,QUALITY_TECHNICAL_DEBT,Reviewed py/unreachable-statement; no proven runtime defect at institutional_assurance.py:558.,no,n/a,accepted_debt,still_present_exact_line
47faf869532945c6,py/loop-variable-capture,scripts/verify_entitlement_get_proof.py,62,"This function captures the loop variable [label](1), and may escape the loop by being stored at [this location](2).
This function captures the loop variable [user](3), and may escape the loop by being stored at [this location](2).",,error,high,,operator_cli,operator_local,operator_cli,QUALITY_TECHNICAL_DEBT,Reviewed py/loop-variable-capture; no proven runtime defect at scripts/verify_entitlement_get_proof.py:62.,no,n/a,accepted_debt,still_present_exact_line
cecefc6ecb1244d2,py/multiple-definition,scripts/close_sec006_production.py,28,This assignment to 'opener' is unnecessary as it is [redefined](1) before this value is used.,,warning,very-high,external/cwe/cwe-563,operator_cli,operator_local,operator_cli,QUALITY_TECHNICAL_DEBT,Reviewed py/multiple-definition; no proven runtime defect at scripts/close_sec006_production.py:28.,no,n/a,accepted_debt,still_present_exact_line
730ec979afc9e615,py/multiple-definition,scripts/dd_batch_001_execute.py,280,This assignment to 'r' is unnecessary as it is [redefined](1) before this value is used.,,warning,very-high,external/cwe/cwe-563,operator_cli,operator_local,operator_cli,QUALITY_TECHNICAL_DEBT,Reviewed py/multiple-definition; no proven runtime defect at scripts/dd_batch_001_execute.py:280.,no,n/a,accepted_debt,still_present_exact_line
ed8ac778aa84c654,py/multiple-definition,ml/feature_store.py,66,"This assignment to 'momentum' is unnecessary as it is [redefined](1) before this value is used.
This assignment to 'momentum' is unnecessary as it is [redefined](2) before this value is used.",,warning,very-high,external/cwe/cwe-563,production,internet_facing_api,production,QUALITY_TECHNICAL_DEBT,Reviewed py/multiple-definition; no proven runtime defect at ml/feature_store.py:66.,no,n/a,accepted_debt,still_present_exact_line
05660beaeaea8f5b,py/undefined-export,cap646/handlers/__init__.py,6,The name 'handle_data_capability' is exported by __all__ but is not defined.,,error,high,,production,internet_facing_api,production,QUALITY_TECHNICAL_DEBT,Reviewed py/undefined-export; no proven runtime defect at cap646/handlers/__init__.py:6.,no,n/a,accepted_debt,still_present_exact_line
c1b48684d76181bf,py/undefined-export,cap646/handlers/__init__.py,7,The name 'handle_market_capability' is exported by __all__ but is not defined.,,error,high,,production,internet_facing_api,production,QUALITY_TECHNICAL_DEBT,Reviewed py/undefined-export; no proven runtime defect at cap646/handlers/__init__.py:7.,no,n/a,accepted_debt,still_present_exact_line
095548f0104bdd27,py/undefined-export,cap646/handlers/__init__.py,8,The name 'handle_derivatives_capability' is exported by __all__ but is not defined.,,error,high,,production,internet_facing_api,production,QUALITY_TECHNICAL_DEBT,Reviewed py/undefined-export; no proven runtime defect at cap646/handlers/__init__.py:8.,no,n/a,accepted_debt,still_present_exact_line
2d21ad0f03bd5b57,py/undefined-export,cap646/handlers/__init__.py,9,The name 'handle_execution_capability' is exported by __all__ but is not defined.,,error,high,,production,internet_facing_api,production,QUALITY_TECHNICAL_DEBT,Reviewed py/undefined-export; no proven runtime defect at cap646/handlers/__init__.py:9.,no,n/a,accepted_debt,still_present_exact_line
4260ee014e4a245f,py/undefined-export,cap646/handlers/__init__.py,10,The name 'handle_onchain_capability' is exported by __all__ but is not defined.,,error,high,,production,internet_facing_api,production,QUALITY_TECHNICAL_DEBT,Reviewed py/undefined-export; no proven runtime defect at cap646/handlers/__init__.py:10.,no,n/a,accepted_debt,still_present_exact_line
3cc1ae9146b3f4c1,py/undefined-export,cap646/handlers/__init__.py,11,The name 'handle_ai_capability' is exported by __all__ but is not defined.,,error,high,,production,internet_facing_api,production,QUALITY_TECHNICAL_DEBT,Reviewed py/undefined-export; no proven runtime defect at cap646/handlers/__init__.py:11.,no,n/a,accepted_debt,still_present_exact_line
8171543257d3a62d,py/undefined-export,cap646/handlers/__init__.py,12,The name 'handle_alerts_capability' is exported by __all__ but is not defined.,,error,high,,production,internet_facing_api,production,QUALITY_TECHNICAL_DEBT,Reviewed py/undefined-export; no proven runtime defect at cap646/handlers/__init__.py:12.,no,n/a,accepted_debt,still_present_exact_line
9ad2b9b4abb83bbe,py/undefined-export,cap646/handlers/__init__.py,13,The name 'handle_institutional_capability' is exported by __all__ but is not defined.,,error,high,,production,internet_facing_api,production,QUALITY_TECHNICAL_DEBT,Reviewed py/undefined-export; no proven runtime defect at cap646/handlers/__init__.py:13.,no,n/a,accepted_debt,still_present_exact_line
9955099c49f4b28d,py/undefined-export,cap646/handlers/__init__.py,14,The name 'handle_verified_capability' is exported by __all__ but is not defined.,,error,high,,production,internet_facing_api,production,QUALITY_TECHNICAL_DEBT,Reviewed py/undefined-export; no proven runtime defect at cap646/handlers/__init__.py:14.,no,n/a,accepted_debt,still_present_exact_line
8b125b4e2dae46e1,py/uninitialized-local-variable,governance/billing_governance.py,31,Local variable 'SELF_SERVE_PLANS' may be used before it is initialized.,,error,medium,,production,internet_facing_api,production,QUALITY_TECHNICAL_DEBT,Reviewed py/uninitialized-local-variable; no proven runtime defect at governance/billing_governance.py:31.,no,n/a,accepted_debt,still_present_exact_line
9ce8d889da0f14dc,py/unused-local-variable,bd_platform/arbitrage_portfolio_ux_layer.py,288,Variable seed is not used.,,recommendation,very-high,external/cwe/cwe-563,production,internet_facing_api,production,QUALITY_TECHNICAL_DEBT,Stylistic/architectural finding without proven runtime/security impact.,no,n/a,accepted_debt,still_present_exact_line
910466414a1e4a2a,py/unused-local-variable,bd_platform/arbitrage_portfolio_ux_layer.py,305,Variable seed is not used.,,recommendation,very-high,external/cwe/cwe-563,production,internet_facing_api,production,QUALITY_TECHNICAL_DEBT,Stylistic/architectural finding without proven runtime/security impact.,no,n/a,accepted_debt,still_present_exact_line
d5afb0d4616a7155,py/unused-local-variable,bd_platform/arbitrage_portfolio_ux_layer.py,322,Variable seed is not used.,,recommendation,very-high,external/cwe/cwe-563,production,internet_facing_api,production,QUALITY_TECHNICAL_DEBT,Stylistic/architectural finding without proven runtime/security impact.,no,n/a,accepted_debt,still_present_exact_line
7cafafaf9a7e4ec2,py/unused-local-variable,bd_platform/arbitrage_portfolio_ux_layer.py,339,Variable seed is not used.,,recommendation,very-high,external/cwe/cwe-563,production,internet_facing_api,production,QUALITY_TECHNICAL_DEBT,Stylistic/architectural finding without proven runtime/security impact.,no,n/a,accepted_debt,still_present_exact_line
232774d11d27ba5b,py/unused-local-variable,bd_platform/arbitrage_portfolio_ux_layer.py,373,Variable seed is not used.,,recommendation,very-high,external/cwe/cwe-563,production,internet_facing_api,production,QUALITY_TECHNICAL_DEBT,Stylistic/architectural finding without proven runtime/security impact.,no,n/a,accepted_debt,still_present_exact_line
994d76b09324abb1,py/unused-local-variable,bd_platform/arbitrage_portfolio_ux_layer.py,390,Variable seed is not used.,,recommendation,very-high,external/cwe/cwe-563,production,internet_facing_api,production,QUALITY_TECHNICAL_DEBT,Stylistic/architectural finding without proven runtime/security impact.,no,n/a,accepted_debt,still_present_exact_line
7a06320c94de56de,py/unused-local-variable,cap646/backend_executor.py,187,Variable prov is not used.,,recommendation,very-high,external/cwe/cwe-563,production,internet_facing_api,production,QUALITY_TECHNICAL_DEBT,Stylistic/architectural finding without proven runtime/security impact.,no,n/a,accepted_debt,still_present_exact_line
11ccedb36a21a2f4,py/unused-local-variable,bd_platform/charting_market_intelligence_layer.py,57,Variable seed is not used.,,recommendation,very-high,external/cwe/cwe-563,production,internet_facing_api,production,QUALITY_TECHNICAL_DEBT,Stylistic/architectural finding without proven runtime/security impact.,no,n/a,accepted_debt,still_present_exact_line
29bd9bd6aae3f1f6,py/unused-local-variable,cap646/handlers/data.py,56,Variable prov is not used.,,recommendation,very-high,external/cwe/cwe-563,production,internet_facing_api,production,QUALITY_TECHNICAL_DEBT,Stylistic/architectural finding without proven runtime/security impact.,no,n/a,accepted_debt,still_present_exact_line
d5a6bfb30b6ab55d,py/unused-local-variable,bd_platform/data_sources_layer.py,273,Variable seed is not used.,,recommendation,very-high,external/cwe/cwe-563,production,internet_facing_api,production,QUALITY_TECHNICAL_DEBT,Stylistic/architectural finding without proven runtime/security impact.,no,n/a,accepted_debt,still_present_exact_line
028d196259807588,py/unused-local-variable,bd_platform/data_sources_layer.py,295,Variable seed is not used.,,recommendation,very-high,external/cwe/cwe-563,production,internet_facing_api,production,QUALITY_TECHNICAL_DEBT,Stylistic/architectural finding without proven runtime/security impact.,no,n/a,accepted_debt,still_present_exact_line
afeef955750a28a1,py/unused-local-variable,bd_platform/data_sources_layer.py,477,Variable seed is not used.,,recommendation,very-high,external/cwe/cwe-563,production,internet_facing_api,production,QUALITY_TECHNICAL_DEBT,Stylistic/architectural finding without proven runtime/security impact.,no,n/a,accepted_debt,still_present_exact_line
d16a7e7faa0d25a5,py/unused-local-variable,scripts/dd_gate_bootstrap.py,788,Variable bgs_gate is not used.,,recommendation,very-high,external/cwe/cwe-563,operator_cli,operator_local,operator_cli,QUALITY_TECHNICAL_DEBT,Stylistic/architectural finding without proven runtime/security impact.,no,n/a,accepted_debt,still_present_exact_line
db6ce0b0d96db91e,py/unused-local-variable,scripts/dd_gate_bootstrap.py,848,Variable contradictions is not used.,,recommendation,very-high,external/cwe/cwe-563,operator_cli,operator_local,operator_cli,QUALITY_TECHNICAL_DEBT,Stylistic/architectural finding without proven runtime/security impact.,no,n/a,accepted_debt,still_present_exact_line
2baaad500a4515e4,py/unused-local-variable,bd_platform/defi_yield_intelligence_layer.py,56,Variable seed is not used.,,recommendation,very-high,external/cwe/cwe-563,production,internet_facing_api,production,QUALITY_TECHNICAL_DEBT,Stylistic/architectural finding without proven runtime/security impact.,no,n/a,accepted_debt,still_present_exact_line
0f91149f03968078,py/unused-local-variable,bd_platform/derivatives_onchain_intelligence_layer.py,60,Variable seed is not used.,,recommendation,very-high,external/cwe/cwe-563,production,internet_facing_api,production,QUALITY_TECHNICAL_DEBT,Stylistic/architectural finding without proven runtime/security impact.,no,n/a,accepted_debt,still_present_exact_line
9325e32e432be83d,py/unused-local-variable,bd_platform/derivatives_ta_research_layer.py,103,Variable seed is not used.,,recommendation,very-high,external/cwe/cwe-563,production,internet_facing_api,production,QUALITY_TECHNICAL_DEBT,Stylistic/architectural finding without proven runtime/security impact.,no,n/a,accepted_debt,still_present_exact_line
0d54cbab632646ff,py/unused-local-variable,didit_kyc.py,232,Variable fallback_id is not used.,,recommendation,very-high,external/cwe/cwe-563,production,internet_facing_api,production,QUALITY_TECHNICAL_DEBT,Stylistic/architectural finding without proven runtime/security impact.,no,n/a,accepted_debt,still_present_exact_line
90c1af435e8c1951,py/unused-local-variable,emotion_tax_receipt.py,37,Variable mirror is not used.,,recommendation,very-high,external/cwe/cwe-563,production,internet_facing_api,production,QUALITY_TECHNICAL_DEBT,Stylistic/architectural finding without proven runtime/security impact.,no,n/a,accepted_debt,still_present_exact_line
d5a47fa0b58b9303,py/unused-local-variable,enterprise_sso.py,430,Variable code is not used.,,recommendation,very-high,external/cwe/cwe-563,production,internet_facing_api,production,QUALITY_TECHNICAL_DEBT,Stylistic/architectural finding without proven runtime/security impact.,no,n/a,accepted_debt,still_present_exact_line
b740489c03841a26,py/unused-local-variable,cap978/evidence_room.py,66,Variable sample_ids is not used.,,recommendation,very-high,external/cwe/cwe-563,production,internet_facing_api,production,QUALITY_TECHNICAL_DEBT,Stylistic/architectural finding without proven runtime/security impact.,no,n/a,accepted_debt,still_present_exact_line
5de26d04d63c1261,py/unused-local-variable,bd_platform/execution_rejected_layer.py,68,Variable seed is not used.,,recommendation,very-high,external/cwe/cwe-563,production,internet_facing_api,production,QUALITY_TECHNICAL_DEBT,Stylistic/architectural finding without proven runtime/security impact.,no,n/a,accepted_debt,still_present_exact_line
a2aeb460aebdf32a,py/unused-local-variable,scripts/generate_final_integrity_summary.py,90,Variable integrity_issue_classes is not used.,,recommendation,very-high,external/cwe/cwe-563,operator_cli,operator_local,operator_cli,QUALITY_TECHNICAL_DEBT,Stylistic/architectural finding without proven runtime/security impact.,no,n/a,accepted_debt,still_present_exact_line
f816c84279fe08df,py/unused-local-variable,scripts/generate_pentagonal_hero_binding_report.py,735,Variable exit_code is not used.,,recommendation,very-high,external/cwe/cwe-563,operator_cli,operator_local,operator_cli,QUALITY_TECHNICAL_DEBT,Stylistic/architectural finding without proven runtime/security impact.,no,n/a,accepted_debt,still_present_exact_line
038669642f775650,py/unused-local-variable,scripts/generate_supplemental_closure_report.py,250,Variable rows is not used.,,recommendation,very-high,external/cwe/cwe-563,operator_cli,operator_local,operator_cli,QUALITY_TECHNICAL_DEBT,Stylistic/architectural finding without proven runtime/security impact.,no,n/a,accepted_debt,still_present_exact_line
0e08d4582bd685e1,py/unused-local-variable,scripts/honest_deep_institutional_audit.py,96,Variable catalog_only_pct is not used.,,recommendation,very-high,external/cwe/cwe-563,operator_cli,operator_local,operator_cli,QUALITY_TECHNICAL_DEBT,Stylistic/architectural finding without proven runtime/security impact.,no,n/a,accepted_debt,still_present_exact_line
70df175ea4af1c39,py/unused-local-variable,bd_platform/infra_intelligence_layer.py,232,Variable seed is not used.,,recommendation,very-high,external/cwe/cwe-563,production,internet_facing_api,production,QUALITY_TECHNICAL_DEBT,Stylistic/architectural finding without proven runtime/security impact.,no,n/a,accepted_debt,still_present_exact_line
56a0624cd0e367cc,py/unused-local-variable,bd_platform/institutional_b2b_layer.py,449,Variable seed is not used.,,recommendation,very-high,external/cwe/cwe-563,production,internet_facing_api,production,QUALITY_TECHNICAL_DEBT,Stylistic/architectural finding without proven runtime/security impact.,no,n/a,accepted_debt,still_present_exact_line
bac509ca3cd42d81,py/unused-local-variable,cap646/institutional_controls.py,210,Variable sql is not used.,,recommendation,very-high,external/cwe/cwe-563,production,internet_facing_api,production,QUALITY_TECHNICAL_DEBT,Stylistic/architectural finding without proven runtime/security impact.,no,n/a,accepted_debt,still_present_exact_line
92c35a138b7cc209,py/unused-local-variable,cap646/institutional_controls.py,448,Variable ok is not used.,,recommendation,very-high,external/cwe/cwe-563,production,internet_facing_api,production,QUALITY_TECHNICAL_DEBT,Stylistic/architectural finding without proven runtime/security impact.,no,n/a,accepted_debt,still_present_exact_line
f5d332fcebd040fb,py/unused-local-variable,bd_platform/institutional_delivery_intelligence_layer.py,57,Variable seed is not used.,,recommendation,very-high,external/cwe/cwe-563,production,internet_facing_api,production,QUALITY_TECHNICAL_DEBT,Stylistic/architectural finding without proven runtime/security impact.,no,n/a,accepted_debt,still_present_exact_line
b15934d7100e98bd,py/unused-local-variable,scripts/institutional_readiness_matrix.py,163,Variable automatable_completion_pct is not used.,,recommendation,very-high,external/cwe/cwe-563,operator_cli,operator_local,operator_cli,QUALITY_TECHNICAL_DEBT,Stylistic/architectural finding without proven runtime/security impact.,no,n/a,accepted_debt,still_present_exact_line
8891a62fc47f776c,py/unused-local-variable,bd_platform/intelligence_analysis_layer.py,160,Variable seed is not used.,,recommendation,very-high,external/cwe/cwe-563,production,internet_facing_api,production,QUALITY_TECHNICAL_DEBT,Stylistic/architectural finding without proven runtime/security impact.,no,n/a,accepted_debt,still_present_exact_line
5ca65333b45622e2,py/unused-local-variable,bd_platform/intelligence_analysis_layer.py,263,Variable seed is not used.,,recommendation,very-high,external/cwe/cwe-563,production,internet_facing_api,production,QUALITY_TECHNICAL_DEBT,Stylistic/architectural finding without proven runtime/security impact.,no,n/a,accepted_debt,still_present_exact_line
ad8d3dfe3a981b44,py/unused-local-variable,bd_platform/intelligence_market_extensions_layer.py,55,Variable seed is not used.,,recommendation,very-high,external/cwe/cwe-563,production,internet_facing_api,production,QUALITY_TECHNICAL_DEBT,Stylistic/architectural finding without proven runtime/security impact.,no,n/a,accepted_debt,still_present_exact_line
9fd59a2cd68c7804,py/unused-local-variable,bd_platform/intelligence_market_extensions_layer.py,142,Variable seed is not used.,,recommendation,very-high,external/cwe/cwe-563,production,internet_facing_api,production,QUALITY_TECHNICAL_DEBT,Stylistic/architectural finding without proven runtime/security impact.,no,n/a,accepted_debt,still_present_exact_line
55677ab11a3b78cd,py/unused-local-variable,bd_platform/intelligence_market_extensions_layer.py,443,Variable seed is not used.,,recommendation,very-high,external/cwe/cwe-563,production,internet_facing_api,production,QUALITY_TECHNICAL_DEBT,Stylistic/architectural finding without proven runtime/security impact.,no,n/a,accepted_debt,still_present_exact_line
e8ef73634f0ec23f,py/unused-local-variable,bd_platform/intelligence_ux_extensions_layer.py,172,Variable seed is not used.,,recommendation,very-high,external/cwe/cwe-563,production,internet_facing_api,production,QUALITY_TECHNICAL_DEBT,Stylistic/architectural finding without proven runtime/security impact.,no,n/a,accepted_debt,still_present_exact_line
8803e1531ab81a9d,py/unused-local-variable,bd_platform/intelligence_ux_extensions_layer.py,271,Variable seed is not used.,,recommendation,very-high,external/cwe/cwe-563,production,internet_facing_api,production,QUALITY_TECHNICAL_DEBT,Stylistic/architectural finding without proven runtime/security impact.,no,n/a,accepted_debt,still_present_exact_line
b688d7915dc7c8f1,py/unused-local-variable,bd_platform/intelligence_ux_extensions_layer.py,341,Variable seed is not used.,,recommendation,very-high,external/cwe/cwe-563,production,internet_facing_api,production,QUALITY_TECHNICAL_DEBT,Stylistic/architectural finding without proven runtime/security impact.,no,n/a,accepted_debt,still_present_exact_line
359e1dcd854a55d2,py/unused-local-variable,bd_platform/legal_commercial_layer.py,140,Variable seed is not used.,,recommendation,very-high,external/cwe/cwe-563,production,internet_facing_api,production,QUALITY_TECHNICAL_DEBT,Stylistic/architectural finding without proven runtime/security impact.,no,n/a,accepted_debt,still_present_exact_line
59fb3fd6eba09007,py/unused-local-variable,scripts/master_integrity_reconciliation.py,137,Variable batch01_with_725_historical is not used.,,recommendation,very-high,external/cwe/cwe-563,operator_cli,operator_local,operator_cli,QUALITY_TECHNICAL_DEBT,Stylistic/architectural finding without proven runtime/security impact.,no,n/a,accepted_debt,still_present_exact_line
0566d553dd81051b,py/unused-local-variable,bd_platform/onchain_defi_sources_layer.py,210,Variable seed is not used.,,recommendation,very-high,external/cwe/cwe-563,production,internet_facing_api,production,QUALITY_TECHNICAL_DEBT,Stylistic/architectural finding without proven runtime/security impact.,no,n/a,accepted_debt,still_present_exact_line
b773a0db435a2257,py/unused-local-variable,bd_platform/onchain_defi_sources_layer.py,385,Variable seed is not used.,,recommendation,very-high,external/cwe/cwe-563,production,internet_facing_api,production,QUALITY_TECHNICAL_DEBT,Stylistic/architectural finding without proven runtime/security impact.,no,n/a,accepted_debt,still_present_exact_line
5b09284da6a6ca64,py/unused-local-variable,bd_platform/onchain_platform_layer.py,533,Variable seed is not used.,,recommendation,very-high,external/cwe/cwe-563,production,internet_facing_api,production,QUALITY_TECHNICAL_DEBT,Stylistic/architectural finding without proven runtime/security impact.,no,n/a,accepted_debt,still_present_exact_line
46b3a452f44407c8,py/unused-local-variable,bd_platform/oneinch_connector.py,169,Variable canonical_id is not used.,,recommendation,very-high,external/cwe/cwe-563,production,internet_facing_api,production,QUALITY_TECHNICAL_DEBT,Stylistic/architectural finding without proven runtime/security impact.,no,n/a,accepted_debt,still_present_exact_line
abeb40a8f0a1e469,py/unused-local-variable,decision_truth/requirements.py,60,Variable engineering_pass is not used.,,recommendation,very-high,external/cwe/cwe-563,production,internet_facing_api,production,QUALITY_TECHNICAL_DEBT,Stylistic/architectural finding without proven runtime/security impact.,no,n/a,accepted_debt,still_present_exact_line
f904e0a8a50ab6fd,py/unused-local-variable,bd_platform/retail_intelligence_layer.py,412,Variable seed is not used.,,recommendation,very-high,external/cwe/cwe-563,production,internet_facing_api,production,QUALITY_TECHNICAL_DEBT,Stylistic/architectural finding without proven runtime/security impact.,no,n/a,accepted_debt,still_present_exact_line
d8564848209a39f7,py/unused-local-variable,bd_platform/risk_infrastructure_layer.py,144,Variable seed is not used.,,recommendation,very-high,external/cwe/cwe-563,production,internet_facing_api,production,QUALITY_TECHNICAL_DEBT,Stylistic/architectural finding without proven runtime/security impact.,no,n/a,accepted_debt,still_present_exact_line
9669374ac940f241,py/unused-local-variable,bd_platform/risk_infrastructure_layer.py,243,Variable seed is not used.,,recommendation,very-high,external/cwe/cwe-563,production,internet_facing_api,production,QUALITY_TECHNICAL_DEBT,Stylistic/architectural finding without proven runtime/security impact.,no,n/a,accepted_debt,still_present_exact_line
529fd3bbc58823de,py/unused-local-variable,bd_platform/risk_infrastructure_layer.py,428,Variable seed is not used.,,recommendation,very-high,external/cwe/cwe-563,production,internet_facing_api,production,QUALITY_TECHNICAL_DEBT,Stylistic/architectural finding without proven runtime/security impact.,no,n/a,accepted_debt,still_present_exact_line
76ade8bea4c9d0b7,py/unused-local-variable,bd_platform/risk_infrastructure_layer.py,493,Variable seed is not used.,,recommendation,very-high,external/cwe/cwe-563,production,internet_facing_api,production,QUALITY_TECHNICAL_DEBT,Stylistic/architectural finding without proven runtime/security impact.,no,n/a,accepted_debt,still_present_exact_line
7983e02ce2dea6f9,py/unused-local-variable,scripts/run_closure_mandate_last.py,407,Variable gate_elapsed is not used.,,recommendation,very-high,external/cwe/cwe-563,operator_cli,operator_local,operator_cli,QUALITY_TECHNICAL_DEBT,Stylistic/architectural finding without proven runtime/security impact.,no,n/a,accepted_debt,still_present_exact_line
c15c1fd1da21f9d7,py/unused-local-variable,bd_platform/security_trust_data_layer.py,189,Variable seed is not used.,,recommendation,very-high,external/cwe/cwe-563,production,internet_facing_api,production,QUALITY_TECHNICAL_DEBT,Stylistic/architectural finding without proven runtime/security impact.,no,n/a,accepted_debt,still_present_exact_line
b410a471dcd060c8,py/unused-local-variable,bd_platform/security_trust_data_layer.py,436,Variable seed is not used.,,recommendation,very-high,external/cwe/cwe-563,production,internet_facing_api,production,QUALITY_TECHNICAL_DEBT,Stylistic/architectural finding without proven runtime/security impact.,no,n/a,accepted_debt,still_present_exact_line
d8dbf56aaa025b87,py/unused-local-variable,bd_platform/security_trust_data_layer.py,555,Variable seed is not used.,,recommendation,very-high,external/cwe/cwe-563,production,internet_facing_api,production,QUALITY_TECHNICAL_DEBT,Stylistic/architectural finding without proven runtime/security impact.,no,n/a,accepted_debt,still_present_exact_line
100167c71b11a554,py/unused-local-variable,bd_platform/slippage_tolerance_optimizer.py,348,Variable price is not used.,,recommendation,very-high,external/cwe/cwe-563,production,internet_facing_api,production,QUALITY_TECHNICAL_DEBT,Stylistic/architectural finding without proven runtime/security impact.,no,n/a,accepted_debt,still_present_exact_line
8ccb57fe211b2388,py/unused-local-variable,billing/subscription_engine.py,742,Variable sub is not used.,,recommendation,very-high,external/cwe/cwe-563,production,internet_facing_api,production,QUALITY_TECHNICAL_DEBT,Stylistic/architectural finding without proven runtime/security impact.,no,n/a,accepted_debt,still_present_exact_line
9100514d8d219f41,py/unused-local-variable,tests/test_dbt_connector.py,67,Variable subprocess_result is not used.,,recommendation,very-high,external/cwe/cwe-563,test,test_harness,test,QUALITY_TECHNICAL_DEBT,Stylistic/architectural finding without proven runtime/security impact.,no,n/a,accepted_debt,still_present_exact_line
4de9e26da111dbb3,py/unused-local-variable,tests/test_spine_database_auth.py,25,Variable uid is not used.,,recommendation,very-high,external/cwe/cwe-563,test,test_harness,test,QUALITY_TECHNICAL_DEBT,Stylistic/architectural finding without proven runtime/security impact.,no,n/a,accepted_debt,still_present_exact_line
713e9cb576d6ccae,py/unused-local-variable,rvm/verify.py,190,Variable checklist is not used.,,recommendation,very-high,external/cwe/cwe-563,production,internet_facing_api,production,QUALITY_TECHNICAL_DEBT,Stylistic/architectural finding without proven runtime/security impact.,no,n/a,accepted_debt,still_present_exact_line
73e12a982718da14,py/unused-local-variable,cap978/verify.py,64,Variable symbol is not used.,,recommendation,very-high,external/cwe/cwe-563,production,internet_facing_api,production,QUALITY_TECHNICAL_DEBT,Stylistic/architectural finding without proven runtime/security impact.,no,n/a,accepted_debt,still_present_exact_line
7b4bf1ffc3992251,py/unused-local-variable,bd_platform/whales_institutional_layer.py,512,Variable seed is not used.,,recommendation,very-high,external/cwe/cwe-563,production,internet_facing_api,production,QUALITY_TECHNICAL_DEBT,Stylistic/architectural finding without proven runtime/security impact.,no,n/a,accepted_debt,still_present_exact_line
fd78342f2fae2379,py/unused-local-variable,bd_platform/whales_institutional_layer.py,540,Variable seed is not used.,,recommendation,very-high,external/cwe/cwe-563,production,internet_facing_api,production,QUALITY_TECHNICAL_DEBT,Stylistic/architectural finding without proven runtime/security impact.,no,n/a,accepted_debt,still_present_exact_line
3bb80075eb4cf9db,py/unused-local-variable,bd_platform/whales_institutional_layer.py,543,Variable total is not used.,,recommendation,very-high,external/cwe/cwe-563,production,internet_facing_api,production,QUALITY_TECHNICAL_DEBT,Stylistic/architectural finding without proven runtime/security impact.,no,n/a,accepted_debt,still_present_exact_line
e7a420017598cb3c,py/unused-global-variable,alembic/versions/20260808_0001_baseline_mfa_oauth.py,16,The global variable 'revision' is not used.,,recommendation,high,external/cwe/cwe-563,production,internet_facing_api,production,QUALITY_TECHNICAL_DEBT,Stylistic/architectural finding without proven runtime/security impact.,no,n/a,accepted_debt,still_present_exact_line
0a2725a87cb1972c,py/unused-global-variable,alembic/versions/20260808_0001_baseline_mfa_oauth.py,17,The global variable 'down_revision' is not used.,,recommendation,high,external/cwe/cwe-563,production,internet_facing_api,production,QUALITY_TECHNICAL_DEBT,Stylistic/architectural finding without proven runtime/security impact.,no,n/a,accepted_debt,still_present_exact_line
f2d2076a64093a08,py/unused-global-variable,alembic/versions/20260808_0001_baseline_mfa_oauth.py,18,The global variable 'branch_labels' is not used.,,recommendation,high,external/cwe/cwe-563,production,internet_facing_api,production,QUALITY_TECHNICAL_DEBT,Stylistic/architectural finding without proven runtime/security impact.,no,n/a,accepted_debt,still_present_exact_line
b36a11f7f6e25de2,py/unused-global-variable,alembic/versions/20260808_0001_baseline_mfa_oauth.py,19,The global variable 'depends_on' is not used.,,recommendation,high,external/cwe/cwe-563,production,internet_facing_api,production,QUALITY_TECHNICAL_DEBT,Stylistic/architectural finding without proven runtime/security impact.,no,n/a,accepted_debt,still_present_exact_line
14bf539f282eebbb,py/unused-global-variable,blackdark/ingestion/alternative_me_connector.py,88,The global variable '_RATE_LIMIT_UNTIL' is not used.,,recommendation,high,external/cwe/cwe-563,production,internet_facing_api,production,QUALITY_TECHNICAL_DEBT,Stylistic/architectural finding without proven runtime/security impact.,no,n/a,accepted_debt,still_present_exact_line
7650e7e54a1c539c,py/unused-global-variable,arbitrage_service.py,313,The global variable '_institutional_cache_at' is not used.,,recommendation,high,external/cwe/cwe-563,production,internet_facing_api,production,QUALITY_TECHNICAL_DEBT,Stylistic/architectural finding without proven runtime/security impact.,no,n/a,accepted_debt,still_present_exact_line
913d0ca9c96128c7,py/unused-global-variable,blackdark/ingestion/arkham_connector.py,75,The global variable '_RATE_LIMIT_UNTIL' is not used.,,recommendation,high,external/cwe/cwe-563,production,internet_facing_api,production,QUALITY_TECHNICAL_DEBT,Stylistic/architectural finding without proven runtime/security impact.,no,n/a,accepted_debt,absent_from_final_sarif
23cf485e69c3b7ea,py/unused-global-variable,cap646/batch07_dedicated.py,51,The global variable '_wrap' is not used.,,recommendation,high,external/cwe/cwe-563,production,internet_facing_api,production,QUALITY_TECHNICAL_DEBT,Stylistic/architectural finding without proven runtime/security impact.,no,n/a,accepted_debt,still_present_exact_line
34f23e2336debd67,py/unused-global-variable,cap646/batch08_dedicated.py,52,The global variable '_wrap' is not used.,,recommendation,high,external/cwe/cwe-563,production,internet_facing_api,production,QUALITY_TECHNICAL_DEBT,Stylistic/architectural finding without proven runtime/security impact.,no,n/a,accepted_debt,still_present_exact_line
fd44d40388cdd0c6,py/unused-global-variable,cap646/batch09_dedicated.py,48,The global variable '_wrap' is not used.,,recommendation,high,external/cwe/cwe-563,production,internet_facing_api,production,QUALITY_TECHNICAL_DEBT,Stylistic/architectural finding without proven runtime/security impact.,no,n/a,accepted_debt,still_present_exact_line
1861e0d420056555,py/unused-global-variable,cap646/batch10_dedicated.py,47,The global variable '_wrap' is not used.,,recommendation,high,external/cwe/cwe-563,production,internet_facing_api,production,QUALITY_TECHNICAL_DEBT,Stylistic/architectural finding without proven runtime/security impact.,no,n/a,accepted_debt,still_present_exact_line
aafc6ca8d8e2f495,py/unused-global-variable,cap646/batch11_dedicated.py,45,The global variable '_wrap' is not used.,,recommendation,high,external/cwe/cwe-563,production,internet_facing_api,production,QUALITY_TECHNICAL_DEBT,Stylistic/architectural finding without proven runtime/security impact.,no,n/a,accepted_debt,still_present_exact_line
5ecbd924a33308e8,py/unused-global-variable,cap646/batch12_dedicated.py,52,The global variable '_wrap' is not used.,,recommendation,high,external/cwe/cwe-563,production,internet_facing_api,production,QUALITY_TECHNICAL_DEBT,Stylistic/architectural finding without proven runtime/security impact.,no,n/a,accepted_debt,still_present_exact_line
c4782951a40c043b,py/unused-global-variable,cap646/batch13_dedicated.py,50,The global variable '_wrap' is not used.,,recommendation,high,external/cwe/cwe-563,production,internet_facing_api,production,QUALITY_TECHNICAL_DEBT,Stylistic/architectural finding without proven runtime/security impact.,no,n/a,accepted_debt,still_present_exact_line
11835f5914c74de7,py/unused-global-variable,cap646/batch14_dedicated.py,52,The global variable '_wrap' is not used.,,recommendation,high,external/cwe/cwe-563,production,internet_facing_api,production,QUALITY_TECHNICAL_DEBT,Stylistic/architectural finding without proven runtime/security impact.,no,n/a,accepted_debt,still_present_exact_line
57d753ed93ed370e,py/unused-global-variable,cap646/batch15_dedicated.py,52,The global variable '_wrap' is not used.,,recommendation,high,external/cwe/cwe-563,production,internet_facing_api,production,QUALITY_TECHNICAL_DEBT,Stylistic/architectural finding without proven runtime/security impact.,no,n/a,accepted_debt,still_present_exact_line
ae24cbd37a94d2a1,py/unused-global-variable,cap646/batch16_dedicated.py,49,The global variable '_wrap' is not used.,,recommendation,high,external/cwe/cwe-563,production,internet_facing_api,production,QUALITY_TECHNICAL_DEBT,Stylistic/architectural finding without proven runtime/security impact.,no,n/a,accepted_debt,still_present_exact_line
c7228758b90837d0,py/unused-global-variable,cap646/batch17_dedicated.py,52,The global variable '_wrap' is not used.,,recommendation,high,external/cwe/cwe-563,production,internet_facing_api,production,QUALITY_TECHNICAL_DEBT,Stylistic/architectural finding without proven runtime/security impact.,no,n/a,accepted_debt,still_present_exact_line
30a6706115deb66b,py/unused-global-variable,cap646/batch18_dedicated.py,51,The global variable '_wrap' is not used.,,recommendation,high,external/cwe/cwe-563,production,internet_facing_api,production,QUALITY_TECHNICAL_DEBT,Stylistic/architectural finding without proven runtime/security impact.,no,n/a,accepted_debt,still_present_exact_line
7bdbcddd0f68c8f9,py/unused-global-variable,cap646/batch19_dedicated.py,50,The global variable '_wrap' is not used.,,recommendation,high,external/cwe/cwe-563,production,internet_facing_api,production,QUALITY_TECHNICAL_DEBT,Stylistic/architectural finding without proven runtime/security impact.,no,n/a,accepted_debt,still_present_exact_line
e9179a9a62c526ce,py/unused-global-variable,cap646/batch20_dedicated.py,52,The global variable '_wrap' is not used.,,recommendation,high,external/cwe/cwe-563,production,internet_facing_api,production,QUALITY_TECHNICAL_DEBT,Stylistic/architectural finding without proven runtime/security impact.,no,n/a,accepted_debt,still_present_exact_line
a17d0a74686dc087,py/unused-global-variable,cap646/batch21_dedicated.py,52,The global variable '_wrap' is not used.,,recommendation,high,external/cwe/cwe-563,production,internet_facing_api,production,QUALITY_TECHNICAL_DEBT,Stylistic/architectural finding without proven runtime/security impact.,no,n/a,accepted_debt,still_present_exact_line
9797e45601653456,py/unused-global-variable,cap646/batch22_dedicated.py,49,The global variable '_wrap' is not used.,,recommendation,high,external/cwe/cwe-563,production,internet_facing_api,production,QUALITY_TECHNICAL_DEBT,Stylistic/architectural finding without proven runtime/security impact.,no,n/a,accepted_debt,still_present_exact_line
e1b141ad6ded1994,py/unused-global-variable,cap646/batch23_dedicated.py,51,The global variable '_wrap' is not used.,,recommendation,high,external/cwe/cwe-563,production,internet_facing_api,production,QUALITY_TECHNICAL_DEBT,Stylistic/architectural finding without proven runtime/security impact.,no,n/a,accepted_debt,still_present_exact_line
3a3daccf32ef6dd7,py/unused-global-variable,cap646/batch24_dedicated.py,52,The global variable '_wrap' is not used.,,recommendation,high,external/cwe/cwe-563,production,internet_facing_api,production,QUALITY_TECHNICAL_DEBT,Stylistic/architectural finding without proven runtime/security impact.,no,n/a,accepted_debt,still_present_exact_line
d2eca34451c9e180,py/unused-global-variable,cap646/batch27_dedicated.py,52,The global variable '_wrap' is not used.,,recommendation,high,external/cwe/cwe-563,production,internet_facing_api,production,QUALITY_TECHNICAL_DEBT,Stylistic/architectural finding without proven runtime/security impact.,no,n/a,accepted_debt,still_present_exact_line
a05de53255df943f,py/unused-global-variable,cap646/batch28_dedicated.py,52,The global variable '_wrap' is not used.,,recommendation,high,external/cwe/cwe-563,production,internet_facing_api,production,QUALITY_TECHNICAL_DEBT,Stylistic/architectural finding without proven runtime/security impact.,no,n/a,accepted_debt,still_present_exact_line
a24837929f237207,py/unused-global-variable,cap646/batch29_dedicated.py,52,The global variable '_wrap' is not used.,,recommendation,high,external/cwe/cwe-563,production,internet_facing_api,production,QUALITY_TECHNICAL_DEBT,Stylistic/architectural finding without proven runtime/security impact.,no,n/a,accepted_debt,still_present_exact_line
c76a357b47f91bf6,py/unused-global-variable,cap646/batch30_dedicated.py,52,The global variable '_wrap' is not used.,,recommendation,high,external/cwe/cwe-563,production,internet_facing_api,production,QUALITY_TECHNICAL_DEBT,Stylistic/architectural finding without proven runtime/security impact.,no,n/a,accepted_debt,still_present_exact_line
bb7ccf88f7753054,py/unused-global-variable,cap646/batch31_dedicated.py,52,The global variable '_wrap' is not used.,,recommendation,high,external/cwe/cwe-563,production,internet_facing_api,production,QUALITY_TECHNICAL_DEBT,Stylistic/architectural finding without proven runtime/security impact.,no,n/a,accepted_debt,still_present_exact_line
14851ec18d84b944,py/unused-global-variable,cap646/batch32_dedicated.py,52,The global variable '_wrap' is not used.,,recommendation,high,external/cwe/cwe-563,production,internet_facing_api,production,QUALITY_TECHNICAL_DEBT,Stylistic/architectural finding without proven runtime/security impact.,no,n/a,accepted_debt,still_present_exact_line
50361bcf7d6cddf3,py/unused-global-variable,cap646/batch33_dedicated.py,52,The global variable '_wrap' is not used.,,recommendation,high,external/cwe/cwe-563,production,internet_facing_api,production,QUALITY_TECHNICAL_DEBT,Stylistic/architectural finding without proven runtime/security impact.,no,n/a,accepted_debt,still_present_exact_line
c0044cb5a3807d6e,py/unused-global-variable,cap646/batch34_dedicated.py,28,The global variable '_wrap' is not used.,,recommendation,high,external/cwe/cwe-563,production,internet_facing_api,production,QUALITY_TECHNICAL_DEBT,Stylistic/architectural finding without proven runtime/security impact.,no,n/a,accepted_debt,still_present_exact_line
4d6d35797c3dc0bd,py/unused-global-variable,blackdark/data/db.py,110,The global variable '_bootstrapped' is not used.,,recommendation,high,external/cwe/cwe-563,production,internet_facing_api,production,QUALITY_TECHNICAL_DEBT,Stylistic/architectural finding without proven runtime/security impact.,no,n/a,accepted_debt,still_present_exact_line
b9665b64201bbc1e,py/unused-global-variable,exchange_currency_status.py,81,The global variable '_cache_ts' is not used.,,recommendation,high,external/cwe/cwe-563,production,internet_facing_api,production,QUALITY_TECHNICAL_DEBT,Stylistic/architectural finding without proven runtime/security impact.,no,n/a,accepted_debt,still_present_exact_line
1050124d00589dbf,py/unused-global-variable,exchange_ingress_guard.py,92,The global variable '_proxy_index' is not used.,,recommendation,high,external/cwe/cwe-563,production,internet_facing_api,production,QUALITY_TECHNICAL_DEBT,Stylistic/architectural finding without proven runtime/security impact.,no,n/a,accepted_debt,still_present_exact_line
0a8c3d044859b2c2,py/unused-global-variable,exchange_ws_hub.py,274,The global variable '_tasks' is not used.,,recommendation,high,external/cwe/cwe-563,production,internet_facing_api,production,QUALITY_TECHNICAL_DEBT,Stylistic/architectural finding without proven runtime/security impact.,no,n/a,accepted_debt,still_present_exact_line
19681709887be929,py/unused-global-variable,bd_platform/free_tier_capabilities.py,19,The global variable 'FREE_TIER_CAP_IDS' is not used.,,recommendation,high,external/cwe/cwe-563,production,internet_facing_api,production,QUALITY_TECHNICAL_DEBT,Stylistic/architectural finding without proven runtime/security impact.,no,n/a,accepted_debt,still_present_exact_line
f3e0ffffa0092756,py/unused-global-variable,bd_platform/grid_bot.py,70,The global variable '_LOADED' is not used.,,recommendation,high,external/cwe/cwe-563,production,internet_facing_api,production,QUALITY_TECHNICAL_DEBT,Stylistic/architectural finding without proven runtime/security impact.,no,n/a,accepted_debt,still_present_exact_line
f5e07eef0ed9e14c,py/unused-global-variable,ingestion_scheduler.py,134,The global variable '_scheduler_task' is not used.,,recommendation,high,external/cwe/cwe-563,production,internet_facing_api,production,QUALITY_TECHNICAL_DEBT,Stylistic/architectural finding without proven runtime/security impact.,no,n/a,accepted_debt,still_present_exact_line
62d269721f9f3b04,py/unused-global-variable,cap978/institutional_gate.py,21,The global variable '_COMMERCIAL_CHECKLIST' is not used.,,recommendation,high,external/cwe/cwe-563,production,internet_facing_api,production,QUALITY_TECHNICAL_DEBT,Stylistic/architectural finding without proven runtime/security impact.,no,n/a,accepted_debt,still_present_exact_line
81177ce1c8c5b7dc,py/unused-global-variable,bd_platform/intelligence_analysis_layer.py,34,The global variable '_DEFAULT_VENUES' is not used.,,recommendation,high,external/cwe/cwe-563,production,internet_facing_api,production,QUALITY_TECHNICAL_DEBT,Stylistic/architectural finding without proven runtime/security impact.,no,n/a,accepted_debt,still_present_exact_line
f4a0c24d179b27df,py/unused-global-variable,bd_platform/intelligence_ux_extensions_layer.py,97,The global variable '_REASONING_TEMPLATES' is not used.,,recommendation,high,external/cwe/cwe-563,production,internet_facing_api,production,QUALITY_TECHNICAL_DEBT,Stylistic/architectural finding without proven runtime/security impact.,no,n/a,accepted_debt,still_present_exact_line
285ee8303c844b83,py/unused-global-variable,blackdark/data/jobs.py,183,The global variable '_started' is not used.,,recommendation,high,external/cwe/cwe-563,production,internet_facing_api,production,QUALITY_TECHNICAL_DEBT,Stylistic/architectural finding without proven runtime/security impact.,no,n/a,accepted_debt,still_present_exact_line
f6cdbbf478f19e48,py/unused-global-variable,bd_platform/market_analysis_layer.py,23,The global variable '_LIQUIDATION_ANCHORS' is not used.,,recommendation,high,external/cwe/cwe-563,production,internet_facing_api,production,QUALITY_TECHNICAL_DEBT,Stylistic/architectural finding without proven runtime/security impact.,no,n/a,accepted_debt,still_present_exact_line
2cd8a6843955cc49,py/unused-global-variable,market_context.py,86,The global variable '_COINGECKO_IDS' is not used.,,recommendation,high,external/cwe/cwe-563,production,internet_facing_api,production,QUALITY_TECHNICAL_DEBT,Stylistic/architectural finding without proven runtime/security impact.,no,n/a,accepted_debt,still_present_exact_line
948159838d38a779,py/unused-global-variable,ml_flywheel_scheduler.py,67,The global variable '_flywheel_task' is not used.,,recommendation,high,external/cwe/cwe-563,production,internet_facing_api,production,QUALITY_TECHNICAL_DEBT,Stylistic/architectural finding without proven runtime/security impact.,no,n/a,accepted_debt,still_present_exact_line
4a2abb3ff5d58edb,py/unused-global-variable,bd_platform/oneinch_connector.py,132,The global variable '_RATE_LIMIT_UNTIL' is not used.,,recommendation,high,external/cwe/cwe-563,production,internet_facing_api,production,QUALITY_TECHNICAL_DEBT,Stylistic/architectural finding without proven runtime/security impact.,no,n/a,accepted_debt,still_present_exact_line
e0c10cb69638041b,py/unused-global-variable,parquet_compactor.py,1041,The global variable '_last_background_compaction_at' is not used.,,recommendation,high,external/cwe/cwe-563,production,internet_facing_api,production,QUALITY_TECHNICAL_DEBT,Stylistic/architectural finding without proven runtime/security impact.,no,n/a,accepted_debt,still_present_exact_line
f011421c48d637de,py/unused-global-variable,pdf_capability_registry.py,186,The global variable '_FUNC_NAME_INDEX' is not used.,,recommendation,high,external/cwe/cwe-563,production,internet_facing_api,production,QUALITY_TECHNICAL_DEBT,Stylistic/architectural finding without proven runtime/security impact.,no,n/a,accepted_debt,still_present_exact_line
157e3ae2707d8e4c,py/unused-global-variable,pentest_attestation.py,25,The global variable '_REPO_EVIDENCE' is not used.,,recommendation,high,external/cwe/cwe-563,production,internet_facing_api,production,QUALITY_TECHNICAL_DEBT,Stylistic/architectural finding without proven runtime/security impact.,no,n/a,accepted_debt,still_present_exact_line
4ac73f874762905c,py/unused-global-variable,postgres_backend.py,273,The global variable '_LAST_POOL_ERROR' is not used.,,recommendation,high,external/cwe/cwe-563,production,internet_facing_api,production,QUALITY_TECHNICAL_DEBT,Stylistic/architectural finding without proven runtime/security impact.,no,n/a,accepted_debt,still_present_exact_line
78e85e2ded7e66ef,py/unused-global-variable,redis_price_cache.py,93,The global variable '_client' is not used.,,recommendation,high,external/cwe/cwe-563,production,internet_facing_api,production,QUALITY_TECHNICAL_DEBT,Stylistic/architectural finding without proven runtime/security impact.,no,n/a,accepted_debt,still_present_exact_line
4359e8118c3094d7,py/unused-global-variable,regulatory_compliance_guard.py,35,The global variable '_INTERNAL_NEUTRAL' is not used.,,recommendation,high,external/cwe/cwe-563,production,internet_facing_api,production,QUALITY_TECHNICAL_DEBT,Stylistic/architectural finding without proven runtime/security impact.,no,n/a,accepted_debt,still_present_exact_line
7cad3c75bb4fd391,py/unused-global-variable,security_auth.py,53,The global variable '_rate_limit_backend' is not used.,,recommendation,high,external/cwe/cwe-563,production,internet_facing_api,production,QUALITY_TECHNICAL_DEBT,Stylistic/architectural finding without proven runtime/security impact.,no,n/a,accepted_debt,still_present_exact_line
e3e1342f04e3ea5d,py/unused-global-variable,security_auth.py,103,The global variable '_redis_fail_until' is not used.,,recommendation,high,external/cwe/cwe-563,production,internet_facing_api,production,QUALITY_TECHNICAL_DEBT,Stylistic/architectural finding without proven runtime/security impact.,no,n/a,accepted_debt,still_present_exact_line
9511fd3eff06382e,py/unused-global-variable,security_auth.py,106,The global variable '_redis_fail_until' is not used.,,recommendation,high,external/cwe/cwe-563,production,internet_facing_api,production,QUALITY_TECHNICAL_DEBT,Stylistic/architectural finding without proven runtime/security impact.,no,n/a,accepted_debt,still_present_exact_line
9f30346526a9d73d,py/unused-global-variable,storage_tier_manager.py,26,The global variable '_legacy_cleanup_task' is not used.,,recommendation,high,external/cwe/cwe-563,production,internet_facing_api,production,QUALITY_TECHNICAL_DEBT,Stylistic/architectural finding without proven runtime/security impact.,no,n/a,accepted_debt,still_present_exact_line
b76089355ab2ebea,py/unused-global-variable,storage_tier_manager.py,412,The global variable '_legacy_cleanup_task' is not used.,,recommendation,high,external/cwe/cwe-563,production,internet_facing_api,production,QUALITY_TECHNICAL_DEBT,Stylistic/architectural finding without proven runtime/security impact.,no,n/a,accepted_debt,still_present_exact_line
07ceadf629e6818e,py/unused-global-variable,storage_tier_manager.py,463,The global variable '_scheduler_task' is not used.,,recommendation,high,external/cwe/cwe-563,production,internet_facing_api,production,QUALITY_TECHNICAL_DEBT,Stylistic/architectural finding without proven runtime/security impact.,no,n/a,accepted_debt,still_present_exact_line
6077c96c960ea85b,py/unused-global-variable,governance/temporal_requirements.py,10,The global variable '_PREFIX' is not used.,,recommendation,high,external/cwe/cwe-563,production,internet_facing_api,production,QUALITY_TECHNICAL_DEBT,Stylistic/architectural finding without proven runtime/security impact.,no,n/a,accepted_debt,still_present_exact_line
a31a284722a49f89,py/unused-global-variable,cap646/v6_strict_closure.py,27,The global variable '_THIN_WRAPPER_ONLY' is not used.,,recommendation,high,external/cwe/cwe-563,production,internet_facing_api,production,QUALITY_TECHNICAL_DEBT,Stylistic/architectural finding without proven runtime/security impact.,no,n/a,accepted_debt,still_present_exact_line
8a82b1d622aa436a,py/unused-global-variable,viral_capacity.py,167,The global variable '_redis_fail_until' is not used.,,recommendation,high,external/cwe/cwe-563,production,internet_facing_api,production,QUALITY_TECHNICAL_DEBT,Stylistic/architectural finding without proven runtime/security impact.,no,n/a,accepted_debt,still_present_exact_line
d40852c49cfaf25e,py/unused-global-variable,viral_capacity.py,174,The global variable '_redis_fail_until' is not used.,,recommendation,high,external/cwe/cwe-563,production,internet_facing_api,production,QUALITY_TECHNICAL_DEBT,Stylistic/architectural finding without proven runtime/security impact.,no,n/a,accepted_debt,still_present_exact_line
